bar_index,tv_bar_time,tv_open,tv_high,tv_low,tv_close,tv_closedtrades_count,tv_position_size,tv_trade_no,tv_entry_bar_index,tv_exit_bar_index,tv_entry_price,tv_exit_price,tv_size,tv_profit
-1000101,1726752600,1726752600000,224.99,229.82,224.63,228.87,0,0,,,,,,,
-1000100,1726839000,1726839000000,229.97,233.09,227.62,228.2,0,0,,,,,,,
-1000099,1727098200,1727098200000,227.34,229.45,225.81,226.47,0,0,,,,,,,
-1000098,1727184600,1727184600000,228.645,229.35,225.73,227.37,0,0,,,,,,,
-1000097,1727271000,1727271000000,224.93,227.29,224.02,226.37,0,0,,,,,,,
-1000096,1727357400,1727357400000,227.3,228.5,225.41,227.52,0,0,,,,,,,
-1000095,1727443800,1727443800000,228.46,229.52,227.3,227.79,0,0,,,,,,,
-1000094,1727703000,1727703000000,230.04,233,229.65,233,0,0,,,,,,,
-1000093,1727789400,1727789400000,229.52,229.65,223.74,226.21,0,0,,,,,,,
-1000092,1727875800,1727875800000,225.89,227.37,223.02,226.78,0,0,,,,,,,
-1000091,1727962200,1727962200000,225.14,226.805,223.32,225.67,0,0,,,,,,,
-1000090,1728048600,1728048600000,227.9,228,224.13,226.8,0,0,,,,,,,
-1000089,1728307800,1728307800000,224.5,225.69,221.33,221.69,0,0,,,,,,,
-1000088,1728394200,1728394200000,224.3,225.98,223.25,225.77,0,0,,,,,,,
-1000087,1728480600,1728480600000,225.23,229.75,224.83,229.54,0,0,,,,,,,
-1000086,1728567000,1728567000000,227.78,229.5,227.17,229.04,0,0,,,,,,,
-1000085,1728653400,1728653400000,229.3,229.41,227.34,227.55,0,0,,,,,,,
-1000084,1728912600,1728912600000,228.7,231.73,228.6,231.3,0,0,,,,,,,
-1000083,1728999000,1728999000000,233.61,237.49,232.37,233.85,0,0,,,,,,,
-1000082,1729085400,1729085400000,231.6,232.12,229.84,231.78,0,0,,,,,,,
-1000081,1729171800,1729171800000,233.43,233.85,230.52,232.15,0,0,,,,,,,
-1000080,1729258200,1729258200000,236.18,236.18,234.01,235,0,0,,,,,,,
-1000079,1729517400,1729517400000,234.45,236.85,234.45,236.48,0,0,,,,,,,
-1000078,1729603800,1729603800000,233.885,236.22,232.6,235.86,0,0,,,,,,,
-1000077,1729690200,1729690200000,234.08,235.144,227.76,230.76,0,0,,,,,,,
-1000076,1729776600,1729776600000,229.98,230.82,228.41,230.57,0,0,,,,,,,
-1000075,1729863000,1729863000000,229.74,233.22,229.57,231.41,0,0,,,,,,,
-1000074,1730122200,1730122200000,233.32,234.73,232.55,233.4,0,0,,,,,,,
-1000073,1730208600,1730208600000,233.1,234.325,232.32,233.67,0,0,,,,,,,
-1000072,1730295000,1730295000000,232.61,233.47,229.55,230.1,0,0,,,,,,,
-1000071,1730381400,1730381400000,229.34,229.83,225.37,225.91,0,0,,,,,,,
-1000070,1730467800,1730467800000,220.965,225.35,220.27,222.91,0,0,,,,,,,
-1000069,1730730600,1730730600000,220.99,222.79,219.71,222.01,0,0,,,,,,,
-1000068,1730817000,1730817000000,221.795,223.95,221.14,223.45,0,0,,,,,,,
-1000067,1730903400,1730903400000,222.61,226.065,221.19,222.72,0,0,,,,,,,
-1000066,1730989800,1730989800000,224.625,227.875,224.57,227.48,0,0,,,,,,,
-1000065,1731076200,1731076200000,227.17,228.66,226.405,226.96,0,0,,,,,,,
-1000064,1731335400,1731335400000,225,225.7,221.5,224.23,0,0,,,,,,,
-1000063,1731421800,1731421800000,224.55,225.59,223.355,224.23,0,0,,,,,,,
-1000062,1731508200,1731508200000,224.01,226.65,222.76,225.12,0,0,,,,,,,
-1000061,1731594600,1731594600000,225.02,228.87,225,228.22,0,0,,,,,,,
-1000060,1731681000,1731681000000,226.4,226.92,224.27,225,0,0,,,,,,,
-1000059,1731940200,1731940200000,225.25,229.74,225.17,228.02,0,0,,,,,,,
-1000058,1732026600,1732026600000,226.98,230.16,226.66,228.28,0,0,,,,,,,
-1000057,1732113000,1732113000000,228.06,229.93,225.89,229,0,0,,,,,,,
-1000056,1732199400,1732199400000,228.88,230.155,225.7103,228.52,0,0,,,,,,,
-1000055,1732285800,1732285800000,228.06,230.7199,228.06,229.87,0,0,,,,,,,
-1000054,1732545000,1732545000000,231.46,233.245,229.74,232.87,0,0,,,,,,,
-1000053,1732631400,1732631400000,233.33,235.57,233.33,235.06,0,0,,,,,,,
-1000052,1732717800,1732717800000,234.465,235.69,233.8101,234.93,0,0,,,,,,,
-1000051,1732890600,1732890600000,234.805,237.81,233.97,237.33,0,0,,,,,,,
-1000050,1733149800,1733149800000,237.27,240.79,237.16,239.59,0,0,,,,,,,
-1000049,1733236200,1733236200000,239.81,242.76,238.9,242.65,0,0,,,,,,,
-1000048,1733322600,1733322600000,242.87,244.11,241.25,243.01,0,0,,,,,,,
-1000047,1733409000,1733409000000,243.99,244.54,242.13,243.04,0,0,,,,,,,
-1000046,1733495400,1733495400000,242.905,244.63,242.08,242.84,0,0,,,,,,,
-1000045,1733754600,1733754600000,241.83,247.24,241.75,246.75,0,0,,,,,,,
-1000044,1733841000,1733841000000,246.89,248.21,245.34,247.77,0,0,,,,,,,
-1000043,1733927400,1733927400000,247.96,250.8,246.2601,246.49,0,0,,,,,,,
-1000042,1734013800,1734013800000,246.89,248.74,245.68,247.96,0,0,,,,,,,
-1000041,1734100200,1734100200000,247.815,249.2902,246.24,248.13,0,0,,,,,,,
-1000040,1734359400,1734359400000,247.99,251.38,247.65,251.04,0,0,,,,,,,
-1000039,1734445800,1734445800000,250.08,253.83,249.78,253.48,0,0,,,,,,,
-1000038,1734532200,1734532200000,252.16,254.28,247.74,248.05,0,0,,,,,,,
-1000037,1734618600,1734618600000,247.5,252,247.0949,249.79,0,0,,,,,,,
-1000036,1734705000,1734705000000,248.04,255,245.69,254.49,0,0,,,,,,,
-1000035,1734964200,1734964200000,254.77,255.65,253.45,255.27,0,0,,,,,,,
-1000034,1735050600,1735050600000,255.49,258.21,255.29,258.2,0,0,,,,,,,
-1000033,1735223400,1735223400000,258.19,260.1,257.63,259.02,0,0,,,,,,,
-1000032,1735309800,1735309800000,257.83,258.7,253.06,255.59,0,0,,,,,,,
-1000031,1735569000,1735569000000,252.23,253.5,250.75,252.2,0,0,,,,,,,
-1000030,1735655400,1735655400000,252.44,253.28,249.43,250.42,0,0,,,,,,,
-1000029,1735828200,1735828200000,248.93,249.1,241.8201,243.85,0,0,,,,,,,
-1000028,1735914600,1735914600000,243.36,244.18,241.89,243.36,0,0,,,,,,,
-1000027,1736173800,1736173800000,244.31,247.33,243.2,245,0,0,,,,,,,
-1000026,1736260200,1736260200000,242.98,245.55,241.35,242.21,0,0,,,,,,,
-1000025,1736346600,1736346600000,241.92,243.7123,240.05,242.7,0,0,,,,,,,
-1000024,1736519400,1736519400000,240.01,240.16,233,236.85,0,0,,,,,,,
-1000023,1736778600,1736778600000,233.53,234.67,229.72,234.4,0,0,,,,,,,
-1000022,1736865000,1736865000000,234.75,236.12,232.472,233.28,0,0,,,,,,,
-1000021,1736951400,1736951400000,234.635,238.96,234.43,237.87,0,0,,,,,,,
-1000020,1737037800,1737037800000,237.35,238.01,228.03,228.26,0,0,,,,,,,
-1000019,1737124200,1737124200000,232.115,232.29,228.48,229.98,0,0,,,,,,,
-1000018,1737469800,1737469800000,224,224.42,219.38,222.64,0,0,,,,,,,
-1000017,1737556200,1737556200000,219.79,224.12,219.79,223.83,0,0,,,,,,,
-1000016,1737642600,1737642600000,224.74,227.03,222.3,223.66,0,0,,,,,,,
-1000015,1737729000,1737729000000,224.78,225.63,221.41,222.78,0,0,,,,,,,
-1000014,1737988200,1737988200000,224.02,232.15,223.98,229.86,0,0,,,,,,,
-1000013,1738074600,1738074600000,230.85,240.19,230.81,238.26,0,0,,,,,,,
-1000012,1738161000,1738161000000,234.12,239.855,234.01,239.36,0,0,,,,,,,
-1000011,1738247400,1738247400000,238.665,240.79,237.21,237.59,0,0,,,,,,,
-1000010,1738333800,1738333800000,247.19,247.19,233.44,236,0,0,,,,,,,
-1000009,1738593000,1738593000000,229.99,231.83,225.7,228.01,0,0,,,,,,,
-1000008,1738679400,1738679400000,227.25,233.13,226.65,232.8,0,0,,,,,,,
-1000007,1738765800,1738765800000,228.53,232.67,228.27,232.47,0,0,,,,,,,
-1000006,1738852200,1738852200000,231.285,233.8,230.425,233.22,0,0,,,,,,,
-1000005,1738938600,1738938600000,232.6,234,227.26,227.63,0,0,,,,,,,
-1000004,1739197800,1739197800000,229.57,230.585,227.2,227.65,0,0,,,,,,,
-1000003,1739284200,1739284200000,228.2,235.23,228.13,232.62,0,0,,,,,,,
-1000002,1739370600,1739370600000,231.2,236.96,230.68,236.87,0,0,,,,,,,
-1000001,1739457000,1739457000000,236.91,242.3399,235.57,241.53,0,0,,,,,,,
0,1739543400,1739543400000,241.25,245.55,240.99,244.6,0,0,,,,,,,
1,1739889000,1739889000000,244.15,245.18,241.84,244.47,0,0,,,,,,,
2,1739975400,1739975400000,244.66,246.01,243.1604,244.87,0,0,,,,,,,
3,1740061800,1740061800000,244.94,246.78,244.29,245.83,0,0,,,,,,,
4,1740148200,1740148200000,245.95,248.69,245.22,245.55,0,0,,,,,,,
5,1740407400,1740407400000,244.925,248.86,244.42,247.1,0,0,,,,,,,
6,1740493800,1740493800000,248,250,244.91,247.04,0,0,,,,,,,
7,1740580200,1740580200000,244.33,244.98,239.13,240.36,0,0,,,,,,,
8,1740666600,1740666600000,239.41,242.46,237.06,237.3,0,0,,,,,,,
9,1740753000,1740753000000,236.95,242.09,230.2,241.84,0,0,,,,,,,
10,1741012200,1741012200000,241.79,244.0272,236.112,238.03,0,0,,,,,,,
11,1741098600,1741098600000,237.705,240.07,234.68,235.93,0,0,,,,,,,
12,1741185000,1741185000000,235.42,236.55,229.23,235.74,0,0,,,,,,,
13,1741271400,1741271400000,234.435,237.86,233.1581,235.33,0,0,,,,,,,
14,1741357800,1741357800000,235.105,241.37,234.76,239.07,0,0,,,,,,,
15,1741613400,1741613400000,235.54,236.16,224.22,227.48,0,0,,,,,,,
16,1741699800,1741699800000,223.805,225.8399,217.45,220.84,0,0,,,,,,,
17,1741786200,1741786200000,220.14,221.75,214.91,216.98,0,0,,,,,,,
18,1741872600,1741872600000,215.95,216.8394,208.42,209.68,0,0,,,,,,,
19,1741959000,1741959000000,211.25,213.95,209.58,213.49,0,0,,,,,,,
20,1742218200,1742218200000,213.31,215.22,209.97,214,0,0,,,,,,,
21,1742304600,1742304600000,214.16,215.15,211.49,212.69,0,0,,,,,,,
22,1742391000,1742391000000,214.22,218.76,213.75,215.24,0,0,,,,,,,
23,1742477400,1742477400000,213.99,217.4899,212.22,214.1,0,0,,,,,,,
24,1742563800,1742563800000,211.56,218.84,211.28,218.27,0,0,,,,,,,
25,1742823000,1742823000000,221,221.48,218.58,220.73,0,0,,,,,,,
26,1742909400,1742909400000,220.77,224.1,220.08,223.75,0,0,,,,,,,
27,1742995800,1742995800000,223.51,225.02,220.47,221.53,0,0,,,,,,,
28,1743082200,1743082200000,221.39,224.99,220.5601,223.85,0,0,,,,,,,
29,1743168600,1743168600000,221.67,223.81,217.68,217.9,0,0,,,,,,,
30,1743427800,1743427800000,217.005,225.62,216.23,222.13,0,0,,,,,,,
31,1743514200,1743514200000,219.805,223.68,218.9,223.19,0,0,,,,,,,
32,1743600600,1743600600000,221.315,225.19,221.02,223.89,0,0,,,,,,,
33,1743687000,1743687000000,205.54,207.49,201.25,203.19,0,0,,,,,,,
34,1743773400,1743773400000,193.89,199.88,187.34,188.38,0,0,,,,,,,
35,1744032600,1744032600000,177.2,194.15,174.62,181.46,0,0,,,,,,,
36,1744119000,1744119000000,186.7,190.335,169.2101,172.42,0,0,,,,,,,
37,1744205400,1744205400000,171.95,200.61,171.89,198.85,0,0,,,,,,,
38,1744291800,1744291800000,189.065,194.7799,183,190.42,0,0,,,,,,,
39,1744378200,1744378200000,186.1,199.54,186.06,198.15,0,0,,,,,,,
40,1744637400,1744637400000,211.44,212.94,201.1621,202.52,0,0,,,,,,,
41,1744723800,1744723800000,201.855,203.51,199.8,202.14,0,0,,,,,,,
42,1744810200,1744810200000,198.36,200.7,192.37,194.27,0,0,,,,,,,
43,1744896600,1744896600000,197.2,198.8335,194.42,196.98,0,0,,,,,,,
44,1745242200,1745242200000,193.265,193.8,189.8112,193.16,0,0,,,,,,,
45,1745328600,1745328600000,196.12,201.59,195.97,199.74,0,0,,,,,,,
46,1745415000,1745415000000,206,208,202.799,204.6,0,0,,,,,,,
47,1745501400,1745501400000,204.89,208.8299,202.94,208.37,0,0,,,,,,,
48,1745587800,1745587800000,206.365,209.75,206.2,209.28,0,0,,,,,,,
49,1745847000,1745847000000,210,211.5,207.46,210.14,0,0,,,,,,,
50,1745933400,1745933400000,208.693,212.24,208.37,211.21,0,0,,,,,,,
51,1746019800,1746019800000,209.3,213.58,206.6705,212.5,0,0,,,,,,,
52,1746106200,1746106200000,209.08,214.56,208.9,213.32,0,0,,,,,,,
53,1746192600,1746192600000,206.09,206.99,202.16,205.35,0,0,,,,,,,
54,1746451800,1746451800000,203.1,204.1,198.21,198.89,0,0,,,,,,,
55,1746538200,1746538200000,198.21,200.65,197.02,198.51,0,0,,,,,,,
56,1746624600,1746624600000,199.17,199.44,193.25,196.25,0,0,,,,,,,
57,1746711000,1746711000000,197.72,200.05,194.6796,197.49,0,0,,,,,,,
58,1746797400,1746797400000,199,200.5399,197.535,198.53,0,0,,,,,,,
59,1747056600,1747056600000,210.97,211.2679,206.75,210.79,0,0,,,,,,,
60,1747143000,1747143000000,210.43,213.4,209,212.93,0,0,,,,,,,
61,1747229400,1747229400000,212.43,213.94,210.5801,212.33,0,0,,,,,,,
62,1747315800,1747315800000,210.95,212.96,209.54,211.45,0,0,,,,,,,
63,1747402200,1747402200000,212.36,212.57,209.77,211.26,0,0,,,,,,,
64,1747661400,1747661400000,207.91,209.48,204.26,208.78,0,0,,,,,,,
65,1747747800,1747747800000,207.67,208.47,205.03,206.86,0,0,,,,,,,
66,1747834200,1747834200000,205.17,207.04,200.71,202.09,0,0,,,,,,,
67,1747920600,1747920600000,200.71,202.75,199.7,201.36,0,0,,,,,,,
68,1748007000,1748007000000,193.665,197.7,193.46,195.27,0,0,,,,,,,
69,1748352600,1748352600000,198.3,200.74,197.43,200.21,0,0,,,,,,,
70,1748439000,1748439000000,200.59,202.73,199.9,200.42,0,0,,,,,,,
71,1748525400,1748525400000,203.575,203.81,198.51,199.95,0,0,,,,,,,
72,1748611800,1748611800000,199.37,201.96,196.78,200.85,0,0,,,,,,,
73,1748871000,1748871000000,200.28,202.13,200.12,201.7,0,0,,,,,,,
74,1748957400,1748957400000,201.35,203.77,200.955,203.27,0,0,,,,,,,
75,1749043800,1749043800000,202.91,206.24,202.1,202.82,0,0,,,,,,,
76,1749130200,1749130200000,203.5,204.75,200.15,200.63,0,0,,,,,,,
77,1749216600,1749216600000,203,205.7,202.05,203.92,0,0,,,,,,,
78,1749475800,1749475800000,204.39,206,200.02,201.45,0,0,,,,,,,
79,1749562200,1749562200000,200.6,204.35,200.57,202.67,0,0,,,,,,,
80,1749648600,1749648600000,203.5,204.5,198.41,198.78,0,0,,,,,,,
81,1749735000,1749735000000,199.08,199.68,197.3601,199.2,0,0,,,,,,,
82,1749821400,1749821400000,199.73,200.37,195.7,196.45,0,0,,,,,,,
83,1750080600,1750080600000,197.3,198.685,196.5636,198.42,0,0,,,,,,,
84,1750167000,1750167000000,197.2,198.39,195.21,195.64,0,0,,,,,,,
85,1750253400,1750253400000,195.94,197.57,195.07,196.58,0,0,,,,,,,
86,1750426200,1750426200000,198.235,201.7,196.855,201,0,0,,,,,,,
87,1750685400,1750685400000,201.625,202.3,198.96,201.5,0,0,,,,,,,
88,1750771800,1750771800000,202.59,203.44,200.2,200.3,0,0,,,,,,,
89,1750858200,1750858200000,201.45,203.67,200.6201,201.56,0,0,,,,,,,
90,1750944600,1750944600000,201.43,202.64,199.46,201,0,0,,,,,,,
91,1751031000,1751031000000,201.89,203.22,200,201.08,0,0,,,,,,,
92,1751290200,1751290200000,202.01,207.39,199.2607,205.17,0,0,,,,,,,
93,1751376600,1751376600000,206.665,210.1865,206.1401,207.82,0,0,,,,,,,
94,1751463000,1751463000000,208.91,213.34,208.14,212.44,0,0,,,,,,,
95,1751549400,1751549400000,212.145,214.65,211.8101,213.55,0,0,,,,,,,
96,1751895000,1751895000000,212.68,216.23,208.8,209.95,0,0,,,,,,,
97,1751981400,1751981400000,210.1,211.43,208.45,210.01,0,0,,,,,,,
98,1752067800,1752067800000,209.53,211.33,207.22,211.14,0,0,,,,,,,
99,1752154200,1752154200000,210.505,213.48,210.03,212.41,0,0,,,,,,,
100,1752240600,1752240600000,210.565,212.13,209.86,211.16,0,0,,,,,,,
101,1752499800,1752499800000,209.925,210.91,207.54,208.62,0,0,,,,,,,
102,1752586200,1752586200000,209.22,211.89,208.92,209.11,0,0,,,,,,,
103,1752672600,1752672600000,210.295,212.4,208.64,210.16,0,0,,,,,,,
104,1752759000,1752759000000,210.57,211.8,209.59,210.02,0,0,,,,,,,
105,1752845400,1752845400000,210.87,211.79,209.7045,211.18,0,0,,,,,,,
106,1753104600,1753104600000,212.1,215.78,211.63,212.48,0,0,,,,,,,
107,1753191000,1753191000000,213.14,214.95,212.2301,214.4,0,0,,,,,,,
108,1753277400,1753277400000,215,215.15,212.41,214.15,0,0,,,,,,,
109,1753363800,1753363800000,213.9,215.69,213.53,213.76,0,0,,,,,,,
110,1753450200,1753450200000,214.7,215.24,213.4,213.88,0,0,,,,,,,
111,1753709400,1753709400000,214.03,214.845,213.06,214.05,0,0,,,,,,,
112,1753795800,1753795800000,214.175,214.81,210.82,211.27,0,0,,,,,,,
113,1753882200,1753882200000,211.895,212.39,207.72,209.05,0,0,,,,,,,
114,1753968600,1753968600000,208.49,209.84,207.16,207.57,0,0,,,,,,,
115,1754055000,1754055000000,210.865,213.58,201.5,202.38,0,0,,,,,,,
116,1754314200,1754314200000,204.505,207.88,201.675,203.35,0,0,,,,,,,
117,1754400600,1754400600000,203.4,205.34,202.16,202.92,0,0,,,,,,,
118,1754487000,1754487000000,205.63,215.38,205.59,213.25,0,0,,,,,,,
119,1754573400,1754573400000,218.875,220.85,216.58,220.03,0,0,,,,,,,
120,1754659800,1754659800000,220.83,231,219.25,229.35,0,0,,,,,,,
121,1754919000,1754919000000,227.92,229.56,224.76,227.18,0,0,,,,,,,
122,1755005400,1755005400000,228.005,230.8,227.07,229.65,0,0,,,,,,,
123,1755091800,1755091800000,231.07,235,230.43,233.33,0,0,,,,,,,
124,1755178200,1755178200000,234.055,235.12,230.85,232.78,0,0,,,,,,,
125,1755264600,1755264600000,234,234.28,229.335,231.59,0,0,,,,,,,
126,1755523800,1755523800000,231.7,233.12,230.11,230.89,0,0,,,,,,,
127,1755610200,1755610200000,231.275,232.87,229.35,230.56,0,0,,,,,,,
128,1755696600,1755696600000,229.98,230.47,225.77,226.01,0,0,,,,,,,
129,1755783000,1755783000000,226.27,226.52,223.7804,224.9,0,0,,,,,,,
130,1755869400,1755869400000,226.17,229.09,225.41,227.76,0,0,,,,,,,
131,1756128600,1756128600000,226.48,229.3,226.23,227.16,0,0,,,,,,,
132,1756215000,1756215000000,226.87,229.49,224.69,229.31,0,0,,,,,,,
133,1756301400,1756301400000,228.61,230.9,228.26,230.49,0,0,,,,,,,
134,1756387800,1756387800000,230.82,233.41,229.335,232.56,0,0,,,,,,,
135,1756474200,1756474200000,232.51,233.38,231.37,232.14,0,0,,,,,,,
136,1756819800,1756819800000,229.25,230.85,226.97,229.72,0,0,,,,,,,
137,1756906200,1756906200000,237.21,238.85,234.36,238.47,0,0,,,,,,,
138,1756992600,1756992600000,238.45,239.8999,236.74,239.78,0,0,,,,,,,
139,1757079000,1757079000000,239.995,241.32,238.4901,239.69,0,0,,,,,,,
140,1757338200,1757338200000,239.3,240.15,236.34,237.88,0,0,,,,,,,
141,1757424600,1757424600000,237,238.7805,233.36,234.35,0,0,,,,,,,
142,1757511000,1757511000000,232.185,232.42,225.95,226.79,0,0,,,,,,,
143,1757597400,1757597400000,226.875,230.45,226.65,230.03,0,0,,,,,,,
144,1757683800,1757683800000,229.22,234.51,229.02,234.07,0,0,,,,,,,
145,1757943000,1757943000000,237,238.19,235.03,236.7,0,0,,,,,,,
146,1758029400,1758029400000,237.175,241.22,236.3235,238.15,0,0,,,,,,,
147,1758115800,1758115800000,238.97,240.1,237.7301,238.99,0,0,,,,,,,
148,1758202200,1758202200000,239.97,241.2,236.65,237.88,0,0,,,,,,,
149,1758288600,1758288600000,241.225,246.3,240.2106,245.5,0,0,,,,,,,
150,1758547800,1758547800000,248.3,256.64,248.12,256.08,0,0,,,,,,,
151,1758634200,1758634200000,255.875,257.34,253.58,254.43,0,0,,,,,,,
152,1758720600,1758720600000,255.22,255.74,251.04,252.31,0,0,,,,,,,
153,1758807000,1758807000000,253.205,257.17,251.712,256.87,0,0,,,,,,,
154,1758893400,1758893400000,254.095,257.6,253.78,255.46,0,0,,,,,,,
155,1759152600,1759152600000,254.56,255,253.01,254.43,0,0,,,,,,,
156,1759239000,1759239000000,254.855,255.919,253.11,254.63,0,0,,,,,,,
157,1759325400,1759325400000,255.04,258.79,254.93,255.45,0,0,,,,,,,
158,1759411800,1759411800000,256.575,258.18,254.15,257.13,0,0,,,,,,,
159,1759498200,1759498200000,254.665,259.24,253.95,258.02,0,0,,,,,,,
160,1759757400,1759757400000,257.99,259.07,255.05,256.69,0,0,,,,,,,
161,1759843800,1759843800000,256.805,257.4,255.43,256.48,0,0,,,,,,,
162,1759930200,1759930200000,256.52,258.52,256.11,258.06,0,0,,,,,,,
163,1760016600,1760016600000,257.805,258,253.14,254.04,0,0,,,,,,,
164,1760103000,1760103000000,254.94,256.38,244,245.27,0,0,,,,,,,
165,1760362200,1760362200000,249.38,249.69,245.56,247.66,0,0,,,,,,,
166,1760448600,1760448600000,246.6,248.845,244.7,247.77,0,0,,,,,,,
167,1760535000,1760535000000,249.485,251.82,247.47,249.34,0,0,,,,,,,
168,1760621400,1760621400000,248.25,249.04,245.13,247.45,0,0,,,,,,,
169,1760707800,1760707800000,248.02,253.38,247.27,252.29,0,0,,,,,,,
170,1760967000,1760967000000,255.885,264.375,255.63,262.24,0,0,,,,,,,
171,1761053400,1761053400000,261.88,265.29,261.83,262.77,0,0,,,,,,,
172,1761139800,1761139800000,262.65,262.85,255.43,258.45,0,0,,,,,,,
173,1761226200,1761226200000,259.94,260.62,258.0101,259.58,0,0,,,,,,,
174,1761312600,1761312600000,261.19,264.13,259.18,262.82,0,0,,,,,,,
175,1761571800,1761571800000,264.88,269.12,264.6501,268.81,0,0,,,,,,,
176,1761658200,1761658200000,268.985,269.89,268.15,269,0,0,,,,,,,
177,1761744600,1761744600000,269.275,271.41,267.11,269.7,0,0,,,,,,,
178,1761831000,1761831000000,271.99,274.14,268.48,271.4,0,0,,,,,,,
179,1761917400,1761917400000,276.99,277.32,269.16,270.37,0,0,,,,,,,
180,1762180200,1762180200000,270.42,270.85,266.25,269.05,0,0,,,,,,,
181,1762266600,1762266600000,268.325,271.486,267.615,270.04,0,0,,,,,,,
182,1762353000,1762353000000,268.61,271.7,266.93,270.14,0,0,,,,,,,
183,1762439400,1762439400000,267.89,273.4,267.89,269.77,0,0,,,,,,,
184,1762525800,1762525800000,269.795,272.29,266.77,268.47,0,0,,,,,,,
185,1762785000,1762785000000,268.96,273.73,267.455,269.43,0,0,,,,,,,
186,1762871400,1762871400000,269.81,275.91,269.8,275.25,0,0,,,,,,,
187,1762957800,1762957800000,275,275.73,271.7,273.47,0,0,,,,,,,
188,1763044200,1763044200000,274.11,276.699,272.09,272.95,0,0,,,,,,,
189,1763130600,1763130600000,271.05,275.96,269.6,272.41,0,0,,,,,,,
190,1763389800,1763389800000,268.815,270.49,265.73,267.46,0,0,,,,,,,
191,1763476200,1763476200000,269.99,270.71,265.32,267.44,0,0,,,,,,,
192,1763562600,1763562600000,265.525,272.21,265.5,268.56,0,0,,,,,,,
193,1763649000,1763649000000,270.83,275.43,265.92,266.25,0,0,,,,,,,
194,1763735400,1763735400000,265.95,273.33,265.67,271.49,0,0,,,,,,,
195,1763994600,1763994600000,270.9,277,270.9,275.92,0,0,,,,,,,
196,1764081000,1764081000000,275.27,280.38,275.25,276.97,0,0,,,,,,,
197,1764167400,1764167400000,276.96,279.53,276.63,277.55,0,0,,,,,,,
198,1764340200,1764340200000,277.26,279,275.9865,278.85,0,0,,,,,,,
199,1764599400,1764599400000,278.01,283.42,276.14,283.1,0,0,,,,,,,
200,1764685800,1764685800000,283,287.4,282.6301,286.19,0,0,,,,,,,
201,1764772200,1764772200000,286.2,288.62,283.3,284.15,0,0,,,,,,,
202,1764858600,1764858600000,284.095,284.73,278.59,280.7,0,0,,,,,,,
203,1764945000,1764945000000,280.54,281.14,278.05,278.78,0,0,,,,,,,
204,1765204200,1765204200000,278.13,279.6693,276.15,277.89,0,0,,,,,,,
205,1765290600,1765290600000,278.16,280.03,276.92,277.18,0,0,,,,,,,
206,1765377000,1765377000000,277.75,279.75,276.44,278.78,0,0,,,,,,,
207,1765463400,1765463400000,279.095,279.59,273.81,278.03,0,0,,,,,,,
208,1765549800,1765549800000,277.9,279.22,276.82,278.28,0,0,,,,,,,
209,1765809000,1765809000000,280.15,280.15,272.84,274.11,0,0,,,,,,,
210,1765895400,1765895400000,272.82,275.5,271.79,274.61,0,0,,,,,,,
211,1765981800,1765981800000,275.01,276.16,271.64,271.84,0,0,,,,,,,
212,1766068200,1766068200000,273.605,273.63,266.95,272.19,0,0,,,,,,,
213,1766154600,1766154600000,272.145,274.6,269.9,273.67,0,0,,,,,,,
214,1766413800,1766413800000,272.86,273.88,270.505,270.97,0,0,,,,,,,
215,1766500200,1766500200000,270.84,272.5,269.56,272.36,0,0,,,,,,,
216,1766586600,1766586600000,272.34,275.43,272.195,273.81,0,0,,,,,,,
217,1766759400,1766759400000,274.16,275.37,272.86,273.4,0,0,,,,,,,
218,1767018600,1767018600000,272.69,274.36,272.35,273.76,0,0,,,,,,,
219,1767105000,1767105000000,272.81,274.08,272.28,273.08,0,0,,,,,,,
220,1767191400,1767191400000,273.06,273.68,271.75,271.86,1,0,0,11348,11348,273.06,273.06,1,0
221,1767364200,1767364200000,272.255,277.84,269,271.01,1,0,,,,,,,
222,1767623400,1767623400000,270.64,271.51,266.14,267.26,1,0,,,,,,,
223,1767709800,1767709800000,267,267.55,262.12,262.36,2,0,1,11351,11351,267,267,1,0
224,1767796200,1767796200000,263.2,263.68,259.81,260.33,2,0,,,,,,,
225,1767882600,1767882600000,257.02,259.29,255.7,259.04,2,0,,,,,,,
226,1767969000,1767969000000,259.075,260.21,256.22,259.37,3,0,2,11354,11354,259.08,259.08,1,0
227,1768228200,1768228200000,259.16,261.3,256.8,260.25,3,0,,,,,,,
228,1768314600,1768314600000,258.72,261.81,258.39,261.05,3,0,,,,,,,
229,1768401000,1768401000000,259.49,261.82,256.71,259.96,4,0,3,11357,11357,259.49,259.49,1,0
230,1768487400,1768487400000,260.65,261.04,257.05,258.21,4,0,,,,,,,
231,1768573800,1768573800000,257.9,258.9,254.93,255.53,4,0,,,,,,,
232,1768919400,1768919400000,252.73,254.79,243.42,246.7,4,0,,,,,,,
233,1769005800,1769005800000,248.7,251.56,245.18,247.65,4,0,,,,,,,
234,1769092200,1769092200000,249.2,251,248.15,248.35,4,0,,,,,,,
235,1769178600,1769178600000,247.32,249.41,244.68,248.04,4,0,,,,,,,
236,1769437800,1769437800000,251.48,256.56,249.8,255.41,4,0,,,,,,,
237,1769524200,1769524200000,259.17,261.95,258.21,258.27,4,0,,,,,,,
238,1769610600,1769610600000,257.65,258.855,254.51,256.44,4,0,,,,,,,
239,1769697000,1769697000000,258,259.65,254.41,258.28,4,0,,,,,,,
240,1769783400,1769783400000,255.165,261.8999,252.18,259.48,4,0,,,,,,,
241,1770042600,1770042600000,260.03,270.49,259.205,270.01,4,0,,,,,,,
242,1770129000,1770129000000,269.2,271.875,267.61,269.48,4,0,,,,,,,
243,1770215400,1770215400000,272.285,278.95,272.285,276.49,4,0,,,,,,,
244,1770301800,1770301800000,278.13,279.5,273.23,275.91,4,0,,,,,,,
245,1770388200,1770388200000,277.12,280.905,276.925,278.12,4,0,,,,,,,
246,1770647400,1770647400000,277.905,278.2,271.7,274.62,4,0,,,,,,,
247,1770733800,1770733800000,274.885,275.37,272.94,273.68,4,0,,,,,,,
248,1770820200,1770820200000,274.695,280.18,274.45,275.5,4,0,,,,,,,
249,1770906600,1770906600000,275.59,275.72,260.18,261.73,4,0,,,,,,,
250,1770993000,1770993000000,262.01,262.23,255.45,255.78,4,0,,,,,,,
251,1771338600,1771338600000,258.05,266.29,255.54,263.88,4,0,,,,,,,
252,1771425000,1771425000000,263.6,266.82,262.45,264.35,4,0,,,,,,,
253,1771511400,1771511400000,262.6,264.48,260.05,260.58,4,0,,,,,,,
254,1771597800,1771597800000,258.97,264.75,258.16,264.58,4,0,,,,,,,
255,1771857000,1771857000000,263.49,269.43,263.381,266.18,4,0,,,,,,,
256,1771943400,1771943400000,267.86,274.89,267.71,272.14,4,0,,,,,,,
257,1772029800,1772029800000,271.78,274.94,271.05,274.23,4,0,,,,,,,
258,1772116200,1772116200000,274.945,276.11,270.795,272.95,4,0,,,,,,,
259,1772202600,1772202600000,272.81,272.81,262.89,264.18,4,0,,,,,,,
260,1772461800,1772461800000,262.41,266.53,260.2,264.72,4,0,,,,,,,
261,1772548200,1772548200000,263.48,265.56,260.13,263.75,4,0,,,,,,,
262,1772634600,1772634600000,264.65,266.15,261.42,262.52,4,0,,,,,,,
263,1772721000,1772721000000,260.79,261.555,257.25,260.29,4,0,,,,,,,
264,1772807400,1772807400000,258.63,258.77,254.37,257.46,4,0,,,,,,,
265,1773063000,1773063000000,255.69,261.15,253.6805,259.88,4,0,,,,,,,
266,1773149400,1773149400000,257.645,262.48,256.95,260.83,4,0,,,,,,,
267,1773235800,1773235800000,261.09,262.13,259.55,260.81,4,0,,,,,,,
268,1773322200,1773322200000,258.66,258.95,254.18,255.76,4,0,,,,,,,
269,1773408600,1773408600000,255.48,256.33,249.52,250.12,4,0,,,,,,,
270,1773667800,1773667800000,252.105,253.885,249.88,252.82,4,0,,,,,,,
271,1773754200,1773754200000,252.955,255.13,252.18,254.23,4,0,,,,,,,
272,1773840600,1773840600000,252.625,254.94,249,249.94,4,0,,,,,,,
273,1773927000,1773927000000,249.4,251.83,247.3,248.96,4,0,,,,,,,
274,1774013400,1774013400000,247.975,249.1999,246,247.99,4,0,,,,,,,
275,1774272600,1774272600000,253.97,254.6,250.28,251.49,4,0,,,,,,,
276,1774359000,1774359000000,250.35,254.825,249.55,251.64,4,0,,,,,,,
277,1774445400,1774445400000,254.095,255,251.6,252.62,4,0,,,,,,,
278,1774531800,1774531800000,252.115,257,250.77,252.89,4,0,,,,,,,
279,1774618200,1774618200000,253.9,255.493,248.07,248.8,4,0,,,,,,,
280,1774877400,1774877400000,250.07,250.87,245.51,246.63,4,0,,,,,,,
281,1774963800,1774963800000,247.91,255.48,247.101,253.79,4,0,,,,,,,
282,1775050200,1775050200000,254.08,256.18,253.33,255.63,4,0,,,,,,,
283,1775136600,1775136600000,254.2,256.13,250.65,255.92,4,0,,,,,,,
284,1775482200,1775482200000,256.51,262.16,256.46,258.86,4,0,,,,,,,
285,1775568600,1775568600000,256.155,256.2,245.7,253.5,4,0,,,,,,,
286,1775655000,1775655000000,258.45,259.7499,256.53,258.9,4,0,,,,,,,
287,1775741400,1775741400000,259,261.12,256.07,260.49,4,0,,,,,,,
288,1775827800,1775827800000,259.98,262.19,259.023123,260.48,4,0,,,,,,,
289,1776087000,1776087000000,259.73,260.18,256.66,259.2,4,0,,,,,,,
290,1776173400,1776173400000,259.245,261.93,257.19,258.83,4,0,,,,,,,
291,1776259800,1776259800000,258.16,266.56,257.81,266.43,4,0,,,,,,,
292,1776346200,1776346200000,266.8,267.16,261.27,263.4,4,0,,,,,,,
293,1776432600,1776432600000,266.96,272.3,266.72,270.23,4,0,,,,,,,
294,1776691800,1776691800000,270.33,274.275,270.29,273.05,4,0,,,,,,,
295,1776778200,1776778200000,271.5,272.8,265.4,266.17,4,0,,,,,,,
296,1776864600,1776864600000,267.82,273.74,266.87,273.17,4,0,,,,,,,
297,1776951000,1776951000000,275.045,275.77,271.65,273.43,4,0,,,,,,,
298,1777037400,1777037400000,272.755,273.06,269.65,271.06,4,0,,,,,,,
