bar_index,time,sma5,ema5,rma5,rsi14,atr14,macd_line,macd_signal,macd_hist,stoch14
-1000100,1726839000,222.17400000000004,224.54806053614126,223.3738694403768,59.1768589372875,5.182306278283406,0.5010260584102184,0.1991506587880949,0.3018753996221235,74.49139280125189
-1000099,1727098200,224.20400000000004,225.18870702409419,223.99309555230144,56.01705397818376,5.072141544120305,0.7304278984285304,0.305406106716182,0.4250217917123484,65.46687532603026
-1000098,1727184600,226.32000000000002,225.91580468272946,224.66847644184116,57.2945877089601,4.968417148111712,0.9736295919080931,0.43905080375456423,0.5345787881535289,70.16171100678146
-1000097,1727271000,227.45600000000005,226.06720312181963,225.00878115347297,55.370141110187404,4.852815923246589,1.073304655552647,0.5659015741141808,0.5074030814384662,64.94522691705794
-1000096,1727357400,227.186,226.55146874787977,225.51102492277838,57.15252017519465,4.726900500157547,1.2309041537864118,0.698902090048627,0.5320020637377848,70.94418362024001
-1000095,1727443800,227.10400000000004,226.9643124985865,225.96681993822273,57.580858604405684,4.547836178717722,1.3618906079149724,0.8314997936218961,0.5303908142930763,72.35263432446527
-1000094,1727703000,228.41000000000003,228.976208332391,227.37345595057818,64.87726097823335,4.5951335945236,1.8646077374126833,1.0381213823800535,0.8264863550326298,99.53051643192487
-1000093,1727789400,228.17800000000005,228.05413888826067,227.14076476046253,52.26074988993909,4.928338337771913,1.695572921635545,1.1696116902311517,0.5259612314043933,64.1105894627022
-1000092,1727875800,228.26000000000005,227.62942592550712,227.06861180837004,53.08553964398645,4.88702845650249,1.5892855540422204,1.2535464629933655,0.3357390910488549,67.08398539384456
-1000091,1727962200,227.89000000000001,226.9762839503381,226.78888944669603,51.22936249255547,4.786883566752313,1.3993534506110734,1.282707860516907,0.11664559009416631,61.29368805425138
-1000090,1728048600,227.692,226.91752263355872,226.79111155735683,53.029910565237614,4.7213918834128625,1.3247416493403819,1.291114618281602,0.033627031058779844,66.16460462614313
-1000089,1728307800,225.43,225.17501508903914,225.77088924588548,44.948476961014805,4.774863891740515,0.843553011315322,1.201602296888346,-0.35804928557302396,26.688102893890694
-1000088,1728394200,225.342,225.37334339269276,225.77071139670838,51.32647342899224,4.740230756616191,0.7824103118789765,1.117763899886472,-0.3353535880074956,37.75510204081634
-1000087,1728480600,225.894,226.76222892846184,226.52456911736672,56.35785125590028,4.753071416857891,1.0263308714444577,1.0994772941980693,-0.0731464227536116,69.81292517006791
-1000086,1728567000,226.56800000000004,227.5214859523079,227.0276552938934,55.53788348901617,4.5828520299394695,1.1658546047627851,1.1127527563110124,0.05310184845177268,66.0668380462724
-1000085,1728653400,226.71800000000002,227.53099063487193,227.13212423511473,53.060383364860655,4.403362599229507,1.1430215798154961,1.1188065210119091,0.024215058803586986,53.299057412168
-1000084,1728912600,228.64000000000001,228.7873270899146,227.9656993880918,58.12356747125796,4.387408127855969,1.411251869901605,1.1772955907898484,0.23395627911175665,85.43273350471303
-1000083,1728999000,230.256,230.47488472660973,229.14255951047343,61.189267230174224,4.516164690151971,1.8087399676055327,1.3035844661529852,0.5051555014525475,77.47524752475238
-1000082,1729085400,230.704,230.90992315107314,229.67004760837875,57.50875108312089,4.48001006942683,1.9344216399649383,1.4297519009153759,0.5046697390495625,64.66584158415836
-1000081,1729171800,231.32600000000002,231.32328210071543,230.16603808670303,57.995101703895706,4.3978664930391975,2.0403611651472033,1.5518737537617413,0.48848741138546203,66.95544554455442
-1000080,1729258200,232.81599999999997,232.5488547338103,231.1328304693624,61.63747905048343,4.371590314964969,2.3274606659008725,1.7069911361895675,0.620469529711305,84.59158415841577
-1000079,1729517400,233.852,233.85923648920686,232.2022643754899,63.411782081965704,4.230762435324615,2.643935081979663,1.8943799253475866,0.7495551566320764,93.74999999999987
-1000078,1729603800,234.254,234.52615765947124,232.93381150039195,62.115687749479825,4.205707975658571,2.8122961192838147,2.0779631641348324,0.7343329551489823,89.91336633663369
-1000077,1729690200,234.05,233.27077177298082,232.49904920031358,52.59303298049801,4.48387169168296,2.5053163494305295,2.163433801193972,0.3418825482365575,58.35396039603948
-1000076,1729776600,233.73399999999998,232.37051451532054,232.11323936025087,52.27152627795535,4.335737999419892,2.2210978249080995,2.1749666059367976,0.0461312189713019,57.17821782178207
-1000075,1729863000,233.016,232.05034301021368,231.97259148820072,53.62138995637931,4.286756713747043,2.040116384613782,2.1479965616721945,-0.10788017705841257,57.303370786516794
-1000074,1730122200,232.4,232.5002286734758,232.25807319056057,56.742655339070126,4.217702662765111,2.033819058062818,2.1251610609503193,-0.09134200288750138,67.693522906793
-1000073,1730208600,231.962,232.89015244898386,232.54045855244846,57.163884490369,4.0596524725676035,2.027246291584845,2.1055781070772244,-0.07833181549237933,62.984496124030876
-1000072,1730295000,231.83,231.9601016326559,232.05236684195876,50.202817842207956,4.063963010241344,1.7142078415911612,2.0273040539800116,-0.3130962123888503,27.19211822660088
-1000071,1730381400,230.898,229.94340108843727,230.823893473567,43.506464770967966,4.1115370809383895,1.1151696503814037,1.84487717326029,-0.7297075228788863,4.455445544554388
-1000070,1730467800,229.198,227.59893405895818,229.2411147788536,39.44914057312879,4.220713003728504,0.3938130088309322,1.5546643403744185,-1.1608513315434863,15.331010452961594
-1000069,1730730600,226.92,225.73595603930545,227.79489182308288,38.295321860234935,4.14780493203361,-0.24763522040467478,1.1942044282185997,-1.4418396486232745,13.418903150524999
-1000068,1730817000,224.87599999999998,224.9739706928703,226.9259134584663,41.25585083524295,4.0522474368883525,-0.6325005256986174,0.8288634374351562,-1.4613639631337736,21.820303383897222
-1000067,1730903400,223.39999999999995,224.2226471285802,226.08473076677305,40.20279234323277,4.111015477110613,-0.9850588073312281,0.46607898848187934,-1.4511377958131075,17.561260210034966
-1000066,1730989800,223.71399999999994,225.30843141905348,226.36378461341843,49.29175470558099,4.185585800174141,-0.8703388421450029,0.19879542235650288,-1.0691342645015058,45.332555425904246
-1000065,1731076200,224.52399999999997,225.858954279369,226.48302769073476,48.42580763467767,4.047686814447416,-0.8120216176584165,-0.0033679856464810254,-0.8086536320119355,43.912780133252596
-1000064,1731335400,224.96799999999993,225.3159695195793,226.0324221525878,44.050469724356354,4.148566327701173,-0.9748554546827961,-0.19766547945374405,-0.7771899752290521,29.2859919657897
-1000063,1731421800,225.12399999999997,224.95397967971954,225.67193772207025,44.05046972435635,4.0118830185796615,-1.0913223588508174,-0.3763968553331587,-0.7149255035176587,30.09320905459379
-1000062,1731508200,225.60399999999996,225.0093197864797,225.56155017765622,45.8986303492444,4.003177088681115,-1.0991374848074997,-0.5209449812280269,-0.5781925035794728,36.018641810918794
-1000061,1731594600,225.75199999999995,226.0795465243198,226.09324014212498,51.863172395311075,3.993664439489607,-0.8454412161432856,-0.5858442282110786,-0.259596987932207,56.65778961384821
-1000060,1731681000,225.35999999999999,225.71969768287985,225.87459211369998,46.169378597856195,3.9905455509546344,-0.8939077724189701,-0.647456937052657,-0.24645083536631318,36.19568936024631
-1000059,1731940200,226.118,226.4864651219199,226.30367369095998,51.5426421379371,4.044078011600733,-0.6807814814962967,-0.6541218459413849,-0.026659635554911798,60.392441860465176
-1000058,1732026600,226.92799999999997,227.08431008127994,226.698938952768,51.98698561580343,4.005215296486395,-0.48530325947427855,-0.6203581286479636,0.13505486917368503,82.00956937799046
-1000057,1732113000,227.704,227.72287338751997,227.1591511622144,53.26502697255194,4.007699918165939,-0.269184387411741,-0.5501233804007191,0.28093899298897806,88.8995215311005
-1000056,1732199400,227.76399999999998,227.98858225834664,227.43132092977152,52.266177379641974,4.038914209725516,-0.13508345474267003,-0.4671153952691093,0.33203194052643925,84.30622009569389
-1000055,1732285800,228.73799999999997,228.61572150556444,227.91905674381724,54.831661191582874,3.9404131947451217,0.07921309882701166,-0.35784969644988507,0.43706279527689673,91.1282998778694
-1000054,1732545000,229.708,230.03381433704297,228.90924539505377,59.979214382426974,3.909312252263327,0.48552278497049883,-0.18917520016580827,0.6746979851363071,96.88925756947324
-1000053,1732631400,231.064,231.70920955802865,230.13939631604302,63.269969441756245,3.8229328056730885,0.9730244161658561,0.04326472310052462,0.9297596930653315,96.37526652452031
-1000052,1732717800,232.25,232.7828063720191,231.09751705283443,62.93913202719679,3.6841447481250102,1.3335111709067746,0.3013140126617746,1.032197158245,94.64411557434819
-1000051,1732890600,234.012,234.29853758134607,232.34401364226756,66.42918086700496,3.6952772661160815,1.7922000964626932,0.5994912294219583,1.1927088670407349,97.05702023298596
-1000050,1733149800,235.956,236.06235838756405,233.79321091381402,69.35567623521688,3.690614604250647,2.3114327293459667,0.94187952940676,1.3695531999392068,93.34442595673883
-1000049,1733236200,237.91199999999998,238.2582389250427,235.56456873105122,72.81162167884442,3.7027135610898854,2.936000373578196,1.3407036982410472,1.5952966753371487,99.45000000000007
-1000048,1733322600,239.502,239.84215928336178,237.053654984841,73.19462668755452,3.642519735297752,3.4205932529786196,1.7566816091885618,1.6639116437900578,94.45564516129022
-1000047,1733409000,241.12399999999997,240.90810618890785,238.2509239878728,73.22847193914822,3.5544826113479124,3.763672081534736,2.1580797036577968,1.6055923778769392,92.59990133201775
-1000046,1733495400,242.22599999999997,241.55207079260524,239.16873919029823,72.57061701948464,3.482733853394489,3.9736207696452652,2.5211879168552906,1.4524328527899746,90.80164439876674
-1000045,1733754600,243.658,243.28471386173683,240.68499135223857,76.9334133006783,3.626110006723455,4.404735886886897,2.897897510861612,1.5068383760252848,97.72407418589201
-1000044,1733841000,244.68199999999996,244.7798092411579,242.10199308179085,77.92004524552263,3.5721021491003513,4.773675242140172,3.273053057117324,1.5006221850228476,98.04441837002273
-1000043,1733927400,245.378,245.3498728274386,242.97959446543268,73.66200413141314,3.6412305670217564,4.90622117298372,3.5996866802906036,1.3065344926931166,82.82163597013916
-1000042,1734013800,246.362,246.21991521829239,243.97567557234615,75.3293773210511,3.599714097948774,5.071421304864202,3.8940336052053235,1.1773876996588788,87.51099384344765
-1000041,1734100200,247.42,246.85661014552826,244.8065404578769,75.52236774696023,3.560463090952432,5.156618886196611,4.146550661403581,1.01006822479303,87.32193732193724
-1000040,1734359400,248.27800000000002,248.25107343035216,246.05323236630153,78.60732715574167,3.572572870170115,5.396740992526048,4.396588727628075,1.0001522648979737,98.11634349030469
-1000039,1734445800,249.42000000000002,249.9940489535681,247.53858589304122,80.79316244116578,3.6066748080151076,5.718013400704081,4.660873662243276,1.0571397384608048,98.2517395191783
-1000038,1734532200,249.73200000000003,249.34603263571208,247.64086871443297,64.9005454762922,3.816198036014028,5.471397613371153,4.822978452468851,0.6484191609023018,69.32545544066969
-1000037,1734618600,250.098,249.49402175714138,248.0706949715464,67.1317120441804,3.893976747727312,5.354631425422326,4.9293090470595455,0.42532237836278064,73.77336448598126
-1000036,1734705000,251.37000000000003,251.15934783809425,249.3545559772371,72.26098643746707,4.280835551461076,5.57705527901885,5.058858293451406,0.5181969855674442,96.83229813664603
-1000035,1734964200,252.21599999999998,252.52956522539617,250.53764478178968,73.0136559591819,4.132204440642428,5.749985018685436,5.197083638498212,0.5529013801872242,97.36111111111114
-1000034,1735050600,253.16000000000003,254.4197101502641,252.07011582543174,75.68286963574693,4.047046980596538,6.053676580889345,5.368402226976438,0.6852743539129067,99.93924665856628
-1000033,1735223400,255.35399999999998,255.95314010017606,253.4600926603454,76.38679268213802,3.934400767696787,6.288036903631536,5.5523291623074575,0.7357077413240782,94.11444141689351
-1000032,1735309800,256.514,255.83209340011737,253.88607412827633,67.57500725605897,4.079086427147016,6.126375767277068,5.66713848330138,0.4592372839756882,75.42234332425062
-1000031,1735569000,256.056,254.62139560007824,253.54885930262108,60.18531371578943,4.1334373966365145,5.65947458332667,5.665605703306438,-0.006131119979768229,46.47696476964754
-1000030,1735655400,255.08599999999996,253.22093040005217,252.92308744209686,56.68039323549466,4.113191868305335,5.087179073584025,5.549920377361955,-0.4627413037779302,32.8710124826628
-1000029,1735828200,252.21599999999998,250.0972869333681,251.10846995367746,46.02615533557008,4.433671020569238,4.056723285910067,5.251280959071577,-1.1945576731615102,11.104546523777454
-1000028,1735914600,249.084,247.85152462224542,249.55877596294195,45.34161054234695,4.280551661957151,3.164067346440021,4.833838236545266,-1.6697708901052453,8.424006695879163
-1000027,1736173800,246.96600000000004,246.90101641483028,248.64702077035355,48.12265155979595,4.269797971817356,2.5594614981778534,4.378962888871784,-1.8195013906939304,17.395609385171685
-1000026,1736260200,244.96800000000002,245.33734427655352,247.35961661628284,44.01929994047842,4.264812402401832,1.8340357025516312,3.8699774516077534,-2.0359417490561222,4.586666666666733
-1000025,1736346600,243.42400000000004,244.45822951770234,246.42769329302627,44.90779677645862,4.221775802230272,1.2838697862911772,3.352755918544438,-2.068886132253261,13.216957605984916
-1000024,1736519400,242.02400000000003,241.92215301180156,244.512154634421,37.29691551326944,4.613077530642394,0.37153045262510886,2.7565108253605723,-2.3849803727354635,14.206642066420631
-1000023,1736778600,240.23200000000003,239.41476867453437,242.48972370753683,34.64846366109201,4.79285770702508,-0.5429408823283666,2.0966204838227847,-2.6395613661511512,15.404871626069793
-1000022,1736865000,237.888,237.36984578302292,240.64777896602945,33.4781110391243,4.711082156523288,-1.3425643968095358,1.4087835076963207,-2.7513479045058564,11.71823568136932
-1000021,1736951400,237.02000000000004,237.53656385534862,240.09222317282357,42.108439981036355,4.780290573914483,-1.5875963309835868,0.8095075399603392,-2.397103870943926,26.82685977616853
-1000020,1737037800,234.132,234.44437590356574,237.72577853825888,32.57851561208052,5.151698390063449,-2.5280903383167015,0.141987964304931,-2.6700783026216324,0.7171811661989075
-1000019,1737124200,232.75800000000004,232.95625060237717,236.17662283060707,35.39667104086003,5.071577076487488,-3.098926494052705,-0.5061949273665962,-2.592731566686109,6.358004564721192
-1000018,1737469800,230.40600000000003,229.51750040158478,233.46929826448567,29.69279577559162,5.466464428166953,-4.0963744622897025,-1.2242308343512174,-2.872143627938485,9.554513481828812
-1000017,1737556200,228.51600000000002,227.62166693438985,231.54143861158855,31.616742188785096,5.3852883975836,-4.736239685697171,-1.926632604620408,-2.8096070810767633,13.126843657817158
-1000016,1737642600,225.67400000000004,226.30111128959322,229.96515088927086,31.48419443502408,5.338482083470486,-5.197145605054033,-2.580735204707133,-2.6164104003468998,14.401076716016155
-1000015,1737729000,224.57800000000003,225.12740752639547,228.5281207114167,30.765187216058365,5.258590506079736,-5.569226930988293,-3.1784335499633647,-2.3907933810249284,12.164579606440084
-1000014,1737988200,224.55400000000003,226.70493835093032,228.7944965691334,42.2016423815168,5.552262612788327,-5.23249034098248,-3.5892449081671876,-1.6432454328152923,37.49552772808591
-1000013,1738074600,227.67800000000005,230.5566255672869,230.6875972553067,52.27441215513136,5.893529569017731,-4.238950387661902,-3.71918600406613,-0.5197643835957715,72.14367596484519
-1000012,1738161000,230.78400000000005,233.4910837115246,232.42207780424536,53.419234541803085,5.89006317123075,-3.324479479645362,-3.6402446991819764,0.3157652195366145,82.11307603473578
-1000011,1738247400,233.57000000000002,234.8573891410164,233.45566224339626,51.28735626456221,5.7250586589999815,-2.711324443682031,-3.4544606480819873,0.7431362043999563,85.05371321812243
-1000010,1738333800,236.21400000000003,235.23825942734427,233.964529794717,49.38087700984864,6.298268754785697,-2.326871644067637,-3.228942847279117,0.9020712032114799,59.76267529665589
-1000009,1738593000,235.84400000000005,232.82883961822952,232.7736238357736,41.110760623331046,6.584106700872434,-2.6365240472864,-3.1104590872805735,0.4739350399941733,31.032002876663054
-1000008,1738679400,234.75200000000004,232.81922641215303,232.77889906861887,46.85686380784273,6.576670507952974,-2.466975086306377,-2.981762287085734,0.5147872007793572,48.25602301330462
-1000007,1738765800,233.37400000000002,232.702817608102,232.71711925489507,46.520087825698546,6.430479757384904,-2.332348691392582,-2.851879567947104,0.5195308765545219,47.069399496583976
-1000006,1738852200,232.50000000000006,232.87521173873466,232.81769540391605,47.44460964881086,6.212231203285982,-2.1404636390653593,-2.709596382170755,0.5691327431053956,49.76627112549444
-1000005,1738938600,230.82600000000002,231.1268078258231,231.78015632313281,41.66342689860827,6.249928974479841,-2.4116595252583863,-2.650009010788281,0.23834948552989488,29.6655879180151
-1000004,1739197800,230.75400000000005,229.96787188388208,230.95412505850626,41.69080288352885,6.045291190588425,-2.595056193640289,-2.6390184473586826,0.04396225371839346,28.68613138686136
-1000003,1739284200,230.71800000000002,230.85191458925473,231.287300046805,48.196568922102486,6.1549132484035365,-2.3127025156643697,-2.57375526101982,0.26105274535545053,43.48332040341353
-1000002,1739370600,231.598,232.85794305950316,232.403840037444,53.02338069787678,6.163848016374713,-1.7260983233394995,-2.404223873483756,0.6781255501442565,59.96896819239724
-1000001,1739457000,233.26000000000005,235.74862870633544,234.2290720299552,57.67959850730198,6.207137443776519,-0.8750996162663114,-2.098399022040267,1.2232994057739557,75.61395950021544
0,1739543400,236.654,238.6990858042236,236.30325762396416,60.46010660681053,6.089484769221054,0.04651019259466693,-1.6694171791132804,1.7159273717079473,87.94788273615633
1,1739889000,240.01800000000003,240.6227238694824,237.93660609917134,60.27949997780292,5.893092999990978,0.75766875859577,-1.1839999915714703,1.9416687501672403,87.34295020939973
2,1739975400,242.468,242.03848257965493,239.3232848793371,60.66881674864687,5.675700642848764,1.3381187033704691,-0.6795762525830824,2.0176949559535515,89.20428106095862
3,1740061800,244.26,243.30232171976996,240.62462790346967,61.640571033027044,5.448150596930996,1.8542191592096913,-0.1728171702245277,2.027036329434219,93.67147510469992
4,1740148200,245.064,244.05154781317998,241.60970232277572,61.16589178496817,5.30685412572164,2.21510448319529,0.30476716045943586,1.9103373227358542,86.34188777729455
5,1740407400,245.564,245.06769854211998,242.70776185822055,62.870449212825804,5.244935973884382,2.5962527628626617,0.763064280940081,1.8331884819225808,92.0756416028815
6,1740493800,246.07799999999997,245.72513236141333,243.57420948657645,62.7556192680005,5.233869118606926,2.860499959036673,1.1825514165593995,1.6779485424772735,87.0175438596491
7,1740580200,245.17600000000002,243.9367549076089,242.93136758926116,51.48177565981727,5.425021324420717,2.5020554550814325,1.446452224263806,1.0556032308176264,57.71929824561412
8,1740666600,243.46999999999997,241.72450327173928,241.80509407140894,47.29070642443678,5.423234086962095,1.9486068499303997,1.5468831493971247,0.401723700533275,44.29824561403517
9,1740753000,242.728,241.76300218115952,241.81207525712716,53.35766106321897,5.885145937893375,1.8549521666932094,1.6084969528563415,0.24645521383686786,64.21052631578951
10,1741012200,240.914,240.51866812077301,241.0556602057017,48.33012413848509,6.03014979947242,1.456505310405447,1.5780986243661626,-0.12159331396071549,45.267489711934175
11,1741098600,238.692,238.98911208051535,240.0305281645614,45.77023794750937,5.984424813795817,0.9602121288648391,1.454521325265898,-0.49430919640105886,28.939393939394016
12,1741185000,237.76799999999997,237.90607472034358,239.17242253164915,45.53523714828926,6.0798230413818315,0.5452791561037884,1.272672891433476,-0.7273937353296875,31.34328358208963
13,1741271400,237.37399999999997,237.04738314689573,238.4039380253193,44.9983320544017,5.981399966997416,0.18126865999636266,1.0543920451460533,-0.8731233851496907,29.369282619162348
14,1741357800,236.82,237.72158876459716,238.53715042025541,50.707857888631274,6.026299969354745,0.19235708999772783,0.8819850541163883,-0.6896279641186605,47.37602311025517
15,1741613400,234.70999999999995,234.30772584306476,236.3257203362043,37.6608523994758,6.656564257257977,-0.7257059017675829,0.560446862939594,-1.2861527647071769,12.645461598138056
16,1741699800,231.69199999999995,229.81848389537652,233.22857626896342,32.50136549046695,6.897523953168121,-1.9664024804809515,0.055076994255484846,-2.021479474736436,10.414746543778843
17,1741786200,227.93999999999997,225.53898926358434,229.97886101517074,29.93401451989061,6.893415099370398,-3.2239692873876606,-0.6007322620731442,-2.6232370253145163,5.899116557423747
18,1741872600,222.81,220.25265950905623,225.91908881213658,25.785608474253237,7.012456877986799,-4.754838218298744,-1.4315534533182643,-3.3232847649804795,3.030303030303076
19,1741959000,217.69399999999996,217.99843967270417,223.43327104970928,31.148700326707598,6.823709958130598,-5.596119138889492,-2.26446659043251,-3.3316525484569817,12.193362193362242
20,1742218200,214.99799999999996,216.66562644846945,221.5466168397674,31.858553189694376,6.711302103978412,-6.150785169108559,-3.04173030616772,-3.109054862940839,15.262582056892812
21,1742304600,213.368,215.34041763231298,219.77529347181394,30.97515701351668,6.49335195369424,-6.61975957832172,-3.75733616059852,-2.8624234177231997,11.991956682918088
22,1742391000,213.01999999999998,215.30694508820866,218.86823477745116,34.76700033198338,6.463112528430365,-6.708332011997868,-4.347535330878389,-2.3607966811194787,19.153429643442955
23,1742477400,213.904,214.90463005880576,217.9145878219609,33.87117252003753,6.377883062113911,-6.792218311749849,-4.836471927052681,-1.9557463846971679,15.951829966972989
24,1742563800,214.85999999999996,216.02642003920386,217.98567025756876,39.964841621000794,6.462319986248632,-6.447887426236463,-5.1587550268894375,-1.2891323993470252,29.89377845220036
25,1742823000,216.20599999999996,217.5942800261359,218.534536206055,43.28507883763412,6.2300114158023,-5.908393001105054,-5.308682621732561,-0.5997103793724934,37.3596358118361
26,1742909400,218.41799999999995,219.6461866840906,219.577628964844,47.14937247698012,6.072153457530706,-5.177468388810013,-5.282439775148051,0.10497138633803793,46.52503793626709
27,1742995800,219.676,220.2741244560604,219.96810317187519,44.736335858699476,5.963428210564227,-4.7228981838630375,-5.170531456891048,0.4476332730280106,39.78755690440063
28,1743082200,221.62599999999992,221.46608297070694,220.74448253750015,47.74606026046941,5.853890481238211,-4.12786000980077,-4.961997167472992,0.8341371576722221,55.623648161499645
29,1743168600,221.55199999999996,220.27738864713797,220.17558603000012,41.503216413293444,5.876469732578338,-4.08926474511037,-4.7874506830004675,0.6981859378900976,54.42051906153314
30,1743427800,221.83199999999997,220.89492576475865,220.56646882400008,46.826150821435355,6.127436180251315,-3.674989084796124,-4.564958363359599,0.8899692785634752,79.70930232558138
31,1743514200,221.71999999999994,221.6599505098391,221.09117505920008,48.10062613299009,6.031190738804793,-3.2239755152075134,-4.296761793729182,1.0727862785216686,85.87209302325579
32,1743600600,222.19199999999995,222.40330033989272,221.65094004736005,48.97045118981153,5.898248543175879,-2.7780363878636365,-3.9930167125560727,1.2149803246924362,89.21446384039888
33,1743687000,218.05999999999995,215.9988668932618,217.95875203788805,31.928858610207882,7.09408793294903,-4.048277397632802,-4.004068849571419,-0.04420854806138319,7.960607304062361
34,1743773400,212.15599999999995,206.7925779288412,212.04300163031044,25.177905783191918,7.719510223452671,-6.178770754031632,-4.439009230463461,-1.7397615235681707,2.716823406478558
35,1744032600,204.02199999999993,198.34838528589415,205.92640130424834,22.75672529209413,8.563116636063194,-8.329570155722678,-5.2171214155153045,-3.1124487402073733,13.41176470588236
36,1744119000,193.86799999999994,189.7055901905961,199.22512104339867,20.044917774718428,9.460386876344396,-10.640885126782905,-6.301874157768824,-4.339010969014081,5.69031322516079
37,1744205400,188.85999999999993,192.75372679373072,199.15009683471894,41.85929441874538,10.836073528034083,-10.222104718049081,-7.085920269824876,-3.1361844482242054,52.54379107213448
38,1744291800,186.3059999999999,191.97581786248713,197.40407746777515,38.2725590925226,11.194211133174505,-10.449987819832586,-7.758733779826418,-2.691254040006168,37.59960574296352
39,1744378200,188.2599999999999,194.03387857499143,197.5532619742201,43.08812083033044,11.357481766519184,-9.89280235462212,-8.185547494785558,-1.7072548598365618,51.30287414088661
40,1744637400,192.4719999999999,196.86258571666096,198.54660957937608,45.66863316901694,11.60266164033924,-8.994918558749305,-8.347421707578308,-0.6474968511709971,59.04974126881984
41,1744723800,198.41599999999988,198.6217238111073,199.26528766350086,45.475539640572336,11.038900094600722,-8.219255544219322,-8.32178847490651,0.10253293068718783,58.37610064899952
42,1744810200,197.4999999999999,197.17114920740488,198.2662301308007,41.55662508817446,10.94826437355781,-8.145681894154876,-8.286567158756183,0.14088526460130701,44.42464886482692
43,1744896600,198.8119999999999,197.1074328049366,198.00898410464055,43.36646776249121,10.492209775446536,-7.779028101151027,-8.185059347235152,0.4060312460841242,49.22877012722941
44,1745242200,197.8139999999999,195.79162186995774,197.03918728371244,41.419369898301376,10.254823362914639,-7.707843185251733,-8.089616114838467,0.3817729295867345,42.78303462492786
45,1745328600,197.25799999999987,197.10774791330516,197.57934982696995,45.92329505833781,10.124478836992166,-7.039332573817774,-7.879559406634328,0.8402268328165547,54.537253549934896
46,1745415000,197.7499999999999,199.60516527553676,198.98347986157597,49.03976949895583,9.991301777207012,-6.047658076838843,-7.5131791406752315,1.4655210638363885,80.92838081038373
47,1745501400,200.56999999999988,202.52677685035783,200.86078388926077,51.380511245369554,9.698344507406512,-4.9010452022617415,-6.9907523529925335,2.089707150730792,89.54948444885537
48,1745587800,203.0299999999999,204.77785123357188,202.5446271114086,51.95418163962469,9.25917704259176,-3.8742568224390936,-6.367453246881846,2.4931964244427522,91.63044049952093
49,1745847000,206.42599999999987,206.5652341557146,204.06370168912687,52.52430018346913,8.886378682406635,-2.957037928590154,-5.685370183223507,2.7283322546333535,93.5970583056444
50,1745933400,208.71999999999989,208.11348943714307,205.4929613513015,53.26731978563539,8.52806591937759,-2.119364573824271,-4.97216906134366,2.852804487519389,95.78562728380027
51,1746019800,210.29999999999987,209.57565962476204,206.89436908104116,54.19800729514371,8.412454067993478,-1.336009500160685,-4.244937149107065,2.9089276489463796,96.4682799215173
52,1746106200,211.28999999999988,210.8237730831747,208.17949526483295,54.814028477174475,8.215850205993943,-0.6416314851802838,-3.5242760163217084,2.8826445311414246,95.6491228070175
53,1746192600,210.50399999999985,208.9991820554498,207.61359621186634,48.0496123928679,8.426146619851519,-0.7260745619314832,-2.9646357254436633,2.23856116351218,62.7860744763382
54,1746451800,208.25399999999985,205.6294547036332,205.86887696949307,43.37702692036859,8.334279004147838,-1.299286948993739,-2.6315659701536784,1.3322790211599393,36.68379881044728
55,1746538200,205.71399999999986,203.25630313575547,204.39710157559446,43.11144670145139,7.998259075280136,-1.7638916744813002,-2.458031111019203,0.6941394365379026,35.14837083010078
56,1746624600,202.46399999999988,200.92086875717033,202.76768126047557,41.484651385187675,7.869097712760126,-2.2880817964504274,-2.4240412481054476,0.1359594516550202,26.016614946987286
57,1746711000,199.29799999999986,199.77724583811354,201.71214500838045,42.760887808068155,7.690619304705832,-2.5737796778057316,-2.4539889340455043,-0.11979074376022725,31.02695888285492
58,1746797400,197.93399999999988,199.36149722540904,201.07571600670434,43.866692200176885,7.3591393543697,-2.685323263735853,-2.500255799983574,-0.1850674637522789,24.777099953073677
59,1747056600,200.3139999999999,203.17099815027268,203.01857280536348,54.9224300396086,7.743336543343292,-1.764107289592971,-2.3530260979054534,0.5889188083124823,82.3087752229
60,1747143000,203.19799999999992,206.42399876684846,205.00085824429078,56.531767301399285,7.5045267902473425,-0.8515408450127211,-2.052729047326907,1.201188202314186,92.3510089160019
61,1747229400,206.4139999999999,208.39266584456564,206.4666865954326,55.92886802770017,7.208482019515389,-0.17472621356080253,-1.6771284805736861,1.5024022670128836,89.53542937587993
62,1747315800,209.2059999999999,209.41177722971042,207.46334927634607,55.00235907505678,6.937876160978576,0.2873334118053492,-1.284236102097879,1.5715695139032282,85.4059127170342
63,1747402200,211.75199999999987,210.02785148647362,208.22267942107683,54.79131124231224,6.642313578051534,0.6309147888095197,-0.9012059239163992,1.5321207127259189,84.5143125293289
64,1747661400,211.34999999999985,209.6119009909824,208.3341435368615,51.98730088787958,6.667862608190711,0.6950778073876052,-0.5819491776555983,1.2770269850432034,72.87658376349131
65,1747747800,210.13599999999988,208.69460066065494,208.0393148294892,49.85988018654428,6.459443850462803,0.5842644708617684,-0.3487064479521249,0.9329709188138933,63.86672923510095
66,1747834200,208.08799999999988,206.4930671071033,206.84945186359136,44.93962744141956,6.450197861144029,0.1102738001265493,-0.25691039833639007,0.36718419846293937,42.7259545674239
67,1747920600,206.06999999999988,204.78204473806886,205.75156149087306,44.220429716698135,6.207326585348028,-0.32057671170446156,-0.26964366101000437,-0.050933050694457194,39.19768003866609
68,1748007000,202.8719999999999,201.61136315871258,203.65524919269845,38.66166260415789,6.328231829251741,-1.1402963239742974,-0.44377419360286297,-0.6965221303714344,9.763170613823153
69,1748352600,201.1579999999999,201.1442421058084,202.96619935415876,44.73087642807427,6.26692955573376,-1.3754578854509418,-0.6301109319724787,-0.7453469534784631,33.63943934267766
70,1748439000,199.8699999999999,200.90282807053893,202.456959483327,44.98010465479346,6.021434587467062,-1.527274403582794,-0.8095436262945418,-0.7177307772882523,33.984374999999915
71,1748525400,199.4419999999999,200.58521871369263,201.95556758666163,44.49648537595312,5.96990354550513,-1.6663070100555046,-0.9808963030467344,-0.6854107070087703,31.689453124999922
72,1748611800,199.33999999999986,200.67347914246176,201.7344540693293,45.70043639233499,5.913481863683336,-1.6844515648696756,-1.1216073554113226,-0.562844209458353,36.08398437499995
73,1748871000,200.62599999999986,201.01565276164118,201.72756325546342,46.87254655670261,5.6346617305630975,-1.6116650871329625,-1.2196189017556507,-0.39204618537731184,40.23437499999993
74,1748957400,201.2379999999999,201.76710184109413,202.03605060437073,49.05979536288246,5.433257321237162,-1.4110299255200687,-1.2579011065085344,-0.1531288190115343,47.900390625000036
75,1749043800,201.71799999999988,202.11806789406276,202.19284048349658,48.44416755162106,5.340881798291652,-1.27365445786873,-1.2610517767805736,-0.012602681088156542,47.99999999999992
76,1749130200,201.85399999999987,201.6220452627085,201.88027238679726,45.45474046327377,5.287961669842248,-1.326210379704662,-1.2740834973653912,-0.052126882339270875,37.51962323390891
77,1749216600,202.4679999999999,202.388030175139,202.2882179094378,50.405962478264335,5.272392979139229,-1.0898230206905737,-1.2372314020304276,0.1474083813398539,65.2933832709113
78,1749475800,202.4179999999999,202.07535345009265,202.12057432755023,46.959566269568796,5.32293633777214,-1.0892366508568614,-1.2076324517957144,0.11839580093885305,53.23117921385733
79,1749562200,202.29799999999992,202.27356896672842,202.2304594620402,48.82089689719316,5.212726599359845,-0.9790423536839228,-1.161914432173356,0.18287207848943332,67.82032400589094
80,1749648600,201.48999999999992,201.10904597781894,201.54036756963214,43.57059365067543,5.275388985119856,-1.1918640028654295,-1.1679043463117709,-0.023959656553658615,41.62754303599368
81,1749735000,201.2039999999999,200.47269731854595,201.0722940557057,44.26749542018903,5.064282629039868,-1.311517841935114,-1.1966270454364394,-0.11489079649867451,44.913928012519406
82,1749821400,199.7099999999999,199.13179821236398,200.14783524456456,40.72135151099663,5.03611958410845,-1.6096908743465406,-1.2792398112184595,-0.33045106312808104,7.1157495256166845
83,1750080600,199.1039999999999,198.89453214157598,199.80226819565164,44.17155830932165,4.83603961381499,-1.6678071718273486,-1.3569532833402373,-0.31085388848711126,25.806451612903164
84,1750167000,197.69799999999992,197.80968809438397,198.9698145565213,40.5819808619425,4.719893927113918,-1.916099915758707,-1.4687826098239314,-0.4473173059347757,3.8984587488665308
85,1750253400,197.25799999999992,197.39979206292264,198.49185164521705,42.289719991965846,4.561330075177209,-2.0138096163800583,-1.5777880111351568,-0.4360216052449015,13.518352730528354
86,1750426200,197.6179999999999,198.59986137528176,198.99348131617364,49.62176920295361,4.601235069807407,-1.7148208106972902,-1.6051945710475835,-0.10962623964970675,53.088630259623976
87,1750685400,198.6279999999999,199.56657425018784,199.4947850529389,50.38962056105401,4.511146850535449,-1.4211421645276232,-1.5683840897435914,0.14724192521596824,57.56490599820947
88,1750771800,199.0039999999999,199.81104950012522,199.65582804235115,48.479806663546015,4.420350646925775,-1.270583200553915,-1.5088239119056561,0.23824071135174107,46.821844225604394
89,1750858200,200.18799999999993,200.39403300008348,200.03666243388093,50.59707829071576,4.345325600716789,-1.0376314971494196,-1.4145854289544089,0.37695393180498926,59.37785910338523
90,1750944600,201.07199999999992,200.59602200005565,200.22932994710476,49.62103941476626,4.2620880578084455,-0.8879669831185311,-1.3092617397872333,0.4212947566687022,54.2543458371455
91,1751031000,201.0879999999999,200.7573480000371,200.39946395768382,49.77010951769177,4.187653196536414,-0.7542074124890235,-1.1982508743275913,0.4440434618385678,54.98627630375129
92,1751290200,201.82199999999992,202.22823200002472,201.35357116614705,56.80688756221908,4.469199396783811,-0.31454726555719503,-1.021510152573512,0.7069628870163169,81.98051948051948
93,1751376600,203.32599999999994,204.09215466668314,202.64685693291761,60.65306873240137,4.508292297013539,0.24489640814218205,-0.7682288404303732,1.0131252485725553,84.34492111269142
94,1751463000,205.50199999999995,206.87476977778877,204.6054855463341,66.28902190324621,4.580557132941144,1.0489631449933654,-0.4047904433456255,1.453753588338991,95.07389162561573
95,1751549400,208.01199999999994,209.09984651852585,206.3943884370673,67.49375007447603,4.456224480588205,1.7555229742073095,0.027272240164961492,1.728250734042348,94.38202247191015
96,1751895000,209.78599999999992,209.38323101235056,207.10551074965383,60.004079813296364,4.668637017689046,2.0019100429737193,0.4221998007267131,1.5797102422470062,70.32136105860113
97,1751981400,210.75399999999996,209.5921540082337,207.68640859972305,60.08358292440184,4.548020087854115,2.176920879836615,0.7731440165486936,1.4037768632879215,70.60491493383743
98,1752067800,211.41799999999995,210.1081026721558,208.37712687977847,61.63049799221012,4.516732938721679,2.37937186735212,1.094389586709379,1.284982280642741,75.94517958412096
99,1752154200,211.41199999999995,210.8754017814372,209.1837015038228,63.349607373429414,4.440537728812987,2.6121825058061177,1.3979481705287267,1.214234335277391,80.28387096774198
100,1752240600,210.9339999999999,210.97026785429148,209.5789612030582,60.47749064773784,4.305499319612058,2.665100441850626,1.6513786247931066,1.0137218170575195,70.64273306311524
101,1752499800,210.66799999999995,210.18684523619433,209.3871689624466,55.01892376121435,4.256535082496911,2.47356776562512,1.8158164529595093,0.6577513126656105,55.15430807399247
102,1752586200,210.48799999999997,209.82789682412957,209.3317351699573,55.846853679447634,4.186068290889987,2.3344060647005733,1.919534375307722,0.41487168939285124,58.04187562244768
103,1752672600,210.29199999999997,209.93859788275304,209.49738813596588,57.64587913418913,4.155634841540704,2.282534007683296,1.9921343017828368,0.29039970590045905,64.22952036913719
104,1752759000,209.81399999999994,209.96573192183536,209.6019105087727,57.310578892068186,4.016660924287797,2.2047136324397627,2.034650167914222,0.17006346452554055,63.40450106957866
105,1752845400,209.81799999999998,210.37048794789024,209.91752840701815,59.41690403610359,3.87872085826724,2.2111539238308637,2.0699509190975505,0.14120300473331326,70.24037526592146
106,1753104600,210.58999999999997,211.07365863192683,210.43002272561452,61.69776746375832,3.930240796962437,2.294705104563718,2.114901756190784,0.1798033483729342,62.834121249962834
107,1753191000,211.64799999999997,212.18243908795122,211.2240181804916,64.84071213972643,3.843787882893691,2.487177338989028,2.189356872750433,0.29782046623859504,79.6892341842399
108,1753277400,212.44599999999997,212.83829272530082,211.8092145443933,64.10312168070512,3.764945891258428,2.5896877524106685,2.26942304868248,0.3202647037281885,76.91453940066609
109,1753363800,213.19399999999996,213.14552848353387,212.19937163551467,62.90103825246743,3.650306899025683,2.6093789566309056,2.337414230272165,0.27196472635874036,72.58601553829077
110,1753450200,213.73399999999998,213.3903523223559,212.53549730841172,63.13013991605416,3.520999263380991,2.6046426755313234,2.3908599193239968,0.21378275620732667,77.80373831775695
111,1753709400,214.04799999999994,213.61023488157062,212.83839784672938,63.47426616132608,3.3969993159966343,2.584810629934452,2.429650061446088,0.15516056848836435,79.78971962616835
112,1753795800,213.42199999999997,212.83015658771376,212.5247182773835,54.51375185970495,3.439356507711161,2.318049789310834,2.407330007019037,-0.08928021770820305,45.26699029126231
113,1753882200,212.402,211.57010439180917,211.82977462190678,48.61211325095261,3.52725961430322,1.9055385917930892,2.3069717239738474,-0.40143313218075827,18.325242718446816
114,1753968600,211.164,210.23673626120612,210.9778196975254,45.10623716502665,3.466741070424419,1.4425678405550286,2.1340909472900838,-0.6915231067350551,4.756380510440793
115,1754055000,208.86399999999998,207.6178241741374,209.2582557580203,35.450861417778,4.08197385110839,0.6493848549348513,1.8371497288190373,-1.187764873884186,6.162464985994365
116,1754314200,206.724,206.19521611609161,208.07660460641623,38.11706050265417,4.233618576029218,0.09792371400808975,1.4893045258568478,-1.391380811848758,12.955182072829091
117,1754400600,205.054,205.10347741072775,207.04528368513297,37.379967233950914,4.158360106312846,-0.3695506694987216,1.1175334867857338,-1.4870841562844554,9.943977591036326
118,1754487000,205.89399999999995,207.81898494048517,208.2862269481064,58.261309515844715,4.751334384433357,0.09245145931501497,0.91251708129159,-0.8200656219765751,82.2829131652661
119,1754573400,208.38599999999997,211.8893232936568,210.6349815584851,66.22262854306678,4.954810499830974,0.9942200621256063,0.9288576774583933,0.065362384667213,95.76227390180881
120,1754659800,213.77999999999997,217.70954886243786,214.37798524678806,73.66017905533809,5.440181178414476,2.4328795650441464,1.229662054975544,1.2032175100686024,94.40677966101693
121,1754919000,218.546,220.8663659082919,216.93838819743047,69.8060550937918,5.394453951384871,3.3592039098943474,1.6555704259593047,1.7036334839350427,87.05084745762714
122,1755005400,223.892,223.79424393886126,219.4807105579444,71.62590995897142,5.27556438342881,4.243712112726911,2.173198763312826,2.070513349414085,95.42372881355934
123,1755091800,227.908,226.97282929257418,222.25056844635552,74.12789237816669,5.2808812131838945,5.18190273189515,2.774939557029291,2.406963174865859,95.01492537313437
124,1755178200,230.458,228.90855286171612,224.35645475708444,73.09054770395915,5.208675412242188,5.814024695837276,3.382756584790888,2.431268111046388,93.03985722784056
125,1755264600,230.906,229.8023685744774,225.80316380566757,70.78254373926524,5.189841454224889,6.148091480169853,3.935823563866681,2.212267916303172,89.50029744199881
126,1755523800,231.648,230.16491238298494,226.82053104453408,69.39439660740597,5.0341384932088244,6.283920539345843,4.405442958962514,1.8784775803833291,87.41820345032713
127,1755610200,231.82999999999998,230.2966082553233,227.56842483562727,68.71027765680789,4.925985743693909,6.292402901499742,4.78283494746996,1.509567954029782,86.43664485425342
128,1755696600,230.36599999999999,228.86773883688218,227.2567398685018,59.936603772412354,4.9162724762872,5.864377368697262,4.99914343171542,0.8652339369818423,72.90303390838783
129,1755783000,228.78999999999996,227.54515922458813,226.78539189480142,57.99116362982206,4.760795870838116,5.373652209165982,5.074045187205533,0.2996070219604494,69.44236806697563
130,1755869400,228.02399999999997,227.61677281639209,226.98031351584115,61.462062412780384,4.720024737206821,5.156090876665218,5.09045432509747,0.0656365515677475,77.66990291262132
131,1756128600,227.27799999999996,227.46451521092806,227.01625081267292,60.33578298670478,4.602165827406337,4.8790147229775584,5.048166404673488,-0.1691516816959293,73.04436166610223
132,1756215000,227.02799999999996,228.07967680728538,227.47500065013833,62.955388856184385,4.6162968397344555,4.777840930510251,4.994101309840841,-0.21626037933058928,68.6623516720604
133,1756301400,227.92399999999998,228.88311787152358,228.07800052011066,64.34713409966731,4.475132779753424,4.738256438628355,4.942932335598344,-0.2046758969699889,70.82545683679903
134,1756387800,229.456,230.10874524768238,228.9744004160885,66.70991083117116,4.446551866913893,4.81837392859407,4.918020654197489,-0.09964672560341903,77.42424776888075
135,1756474200,230.33199999999997,230.78583016512158,229.60752033287082,65.75768840418533,4.272512447848614,4.792729524110285,4.892962428180049,-0.10023290406976315,73.72041341846261
136,1756819800,230.84399999999997,230.4305534434144,229.63001626629665,60.40726696259212,4.336618701573712,4.524971320892405,4.81936420672252,-0.29439288583011525,52.379272637482835
137,1756906200,232.676,233.11036896227625,231.3980130130373,69.93317516020224,4.679003080032731,4.9616283261104,4.847817030600096,0.11381129551030433,97.47836704358447
138,1756992600,234.53399999999996,235.33357930818417,233.07441041042983,71.05596359859572,4.57049571717325,5.351697166938038,4.948593057867685,0.40310410907035354,99.25618040261793
139,1757079000,235.95999999999995,236.78571953878944,234.39752832834387,70.86018350388937,4.446167451660874,5.589139168533052,5.076702280000758,0.5124368885322941,90.70674359734546
140,1757338200,237.108,237.1504796925263,235.09402266267506,66.86976412410078,4.400726919399383,5.567087868716783,5.174779397743963,0.39230847097281973,80.38723802139161
141,1757424600,238.03399999999996,236.2169864616842,234.94521813014003,59.797184896397205,4.473567853727997,5.204773170926671,5.180778152380505,0.02399501854616659,60.26135145613358
142,1757511000,235.69799999999995,233.0746576411228,233.31417450411203,48.07086494071797,4.754027292747425,4.258517801764299,4.996326082257264,-0.7378082804929651,17.15888617756394
143,1757597400,233.74799999999996,232.05977176074853,232.6573396032896,52.380802434990436,4.685882486122608,3.72708105610414,4.742477077026639,-1.0153960209224993,32.11064341551416
144,1757683800,232.62399999999997,232.72984784049902,232.9398716826317,57.15579806682839,4.743319451399564,3.5905185795202215,4.512085377525356,-0.9215667980051343,56.40408899579073
145,1757943000,232.38799999999998,234.053231893666,233.69189734610535,59.96988076669671,4.698796633442451,3.652408165336027,4.34014993508749,-0.6877417697514634,72.21888153938662
146,1758029400,233.14799999999997,235.418821262444,234.5835178768843,61.472378863079676,4.712918302482277,3.7749437876665013,4.2271087056032925,-0.45216491793679126,79.37540663630459
147,1758115800,235.58799999999997,236.60921417496266,235.46481430150743,62.353920379585475,4.545559852304971,3.8949367249605586,4.160674309474746,-0.26573758451418694,84.84059856864032
148,1758202200,237.158,237.0328094499751,235.94785144120596,60.387633144227735,4.545877005711758,3.8560145336672065,4.099742354313237,-0.24372782064603093,77.61873780091089
149,1758288600,239.44399999999996,239.8552062999834,237.85828115296476,67.8765925716411,4.822600076732348,4.389440001643408,4.157681883779271,0.23175811786413636,96.06879606879602
150,1758547800,243.32,245.26347086665558,241.5026249223718,74.95616334265121,5.2738429283943224,5.601332433799769,4.446411993783371,1.1549204400163982,98.17530140110784
151,1758634200,246.57599999999996,248.3189805777704,244.08809993789745,72.28074974426633,5.165711290651869,6.355364026699505,4.828202400366598,1.5271616263329069,90.72953169799308
152,1758720600,249.23999999999995,249.64932038518026,245.73247995031798,68.87896526309163,5.132446198462451,6.704586909721257,5.20347930223753,1.5011076074837275,83.97578846766494
153,1758807000,253.03799999999995,252.05621359012017,247.9599839602544,71.93820339862894,5.15570004142942,7.265549716536327,5.615893385097289,1.6496563314390382,98.5027078687481
154,1758893400,255.02999999999997,253.1908090600801,249.4599871682035,69.65802225859267,5.060292895613034,7.509773571259984,5.994669422329828,1.5151041489301562,93.23854660347547
155,1759152600,254.69999999999996,253.60387270672007,250.4539897345628,67.96334385286701,4.873843403069246,7.533370339818276,6.302409605827518,1.2309607339907584,89.98420221169033
156,1759239000,254.73999999999995,253.9459151378134,251.28919178765028,68.12550132777199,4.726354588564299,7.481961878263462,6.538320060314707,0.9436418179487553,90.40387722132463
157,1759325400,255.368,254.44727675854224,252.12135343012022,68.82229229842437,4.685900689381136,7.421833176153399,6.715022683482445,0.7068104926709537,88.78065166274763
158,1759411800,255.42,255.34151783902817,253.12308274409617,70.25687585297382,4.639050640139628,7.424161592720679,6.856850465330092,0.5673111273905871,93.01346801346791
159,1759498200,255.93199999999996,256.2343452260188,254.10246619527692,71.01769254865746,4.685547022986798,7.412377171595693,6.967955806583213,0.44442136501248086,94.67632491872656
160,1759757400,256.38399999999996,256.3862301506792,254.61997295622155,68.20976236853714,4.63800794991631,7.212575962206074,7.016879837707785,0.19569612449828888,88.71181938911018
161,1759843800,256.754,256.41748676711944,254.99197836497723,67.75424119331777,4.447435953493715,6.95708981852809,7.004921833871846,-0.04783201534375614,87.7822045152723
162,1759930200,257.27599999999995,256.96499117807963,255.60558269198177,69.40951872124067,4.301904813958447,6.803679423127647,6.964673351723006,-0.16099392859535833,93.79906880931608
163,1760016600,256.65799999999996,255.98999411871975,255.29246615358542,60.85063749112606,4.346054470104273,6.285267524473426,6.828792186273089,-0.5435246617996636,53.237410071942314
164,1760103000,254.108,252.41666274581317,253.28797292286836,47.1818215846919,4.9199077222396825,5.107876236075128,6.484608996233497,-1.3767327601583688,8.333333333333396
165,1760362200,252.30199999999996,250.8311084972088,252.16237833829467,50.448494184116385,4.88420002779399,4.317864528799248,6.051260102746648,-1.7333955739473996,24.015748031496027
166,1760448600,250.56,249.8107389981392,251.28390267063574,50.59993021575299,4.831400025808706,3.658477982884534,5.572703678774225,-1.9142256958896908,24.737532808399003
167,1760535000,248.81599999999997,249.65382599875946,250.8951221365086,52.816367206742,4.797014309679512,3.225414700667784,5.103245883152937,-1.8778311824851528,35.039370078740156
168,1760621400,247.49799999999996,248.9192173325063,250.20609770920686,49.91308611671526,4.755084716130976,2.698594012883518,4.622315509099053,-1.923721496215535,22.637795275590463
169,1760707800,248.902,250.0428115550042,250.62287816736549,56.50653716550651,4.851864379264477,2.6411864197433204,4.226089691227907,-1.5849032714845865,54.3963254593175
170,1760967000,251.81799999999998,254.10854103666946,252.9463025338924,66.32176243341272,5.368516923602728,3.3598421639241565,4.052840185767157,-0.6929980218430005,89.52147239263809
171,1761053400,254.81799999999998,256.9956940244463,254.91104202711395,66.75216722622105,5.232194286202536,3.926881938835919,4.02764853638091,-0.10076659754499051,88.16345702207592
172,1761139800,256.64,257.48046268296423,255.61883362169115,60.01914416971802,5.388466122902356,3.9817776948057144,4.0184743680658706,-0.03669667326015613,67.87224048849212
173,1761226200,259.066,258.1803084553095,256.41106689735295,61.12375283525947,5.1899971141236145,4.069553256379692,4.028690145728635,0.04086311065105708,73.17989666510084
174,1761312600,261.17199999999997,259.72687230353966,257.6928535178823,64.17964156576066,5.172854463114784,4.350408146429061,4.09303374586872,0.2573744005603409,88.39830906528876
175,1761571800,262.486,262.7545815356931,259.9162828143059,69.02697911407637,5.253364858606586,4.99870860847426,4.274168718389828,0.724539890084432,98.76592356687897
176,1761658200,263.73199999999997,264.83638769046206,261.7330262514447,69.1694957053903,5.0024102258489735,5.46482767579198,4.512300509870259,0.9525271659217216,96.56237929702593
177,1761744600,265.98199999999997,266.45759179364137,263.3264210011558,69.72225307075709,4.9522380668597625,5.823583894621635,4.774557186820534,1.0490267078011009,93.7614009485588
178,1761831000,268.346,268.1050611957609,264.9411368009246,71.07841504748454,5.002792490655492,6.173907611429854,5.054427271742398,1.1194803396874562,90.69293478260867
179,1761917400,269.85600000000005,268.86004079717395,266.02690944073964,69.0601034293571,5.228307312751526,6.295854596263268,5.302712736646572,0.9931418596166965,78.69405272838753
180,1762180200,269.904,268.9233605314493,266.6315275525917,66.45572392883248,5.183428218983562,6.214350329722379,5.485040255261733,0.7293100744606456,74.30879155017092
181,1762266600,270.11199999999997,269.2955736876329,267.31322204207333,67.44726448004934,5.089683346199021,6.158649262435631,5.619762056696513,0.5388872057391181,77.38428083255678
182,1762353000,270.2,269.5770491250886,267.87857763365867,67.55160063406561,5.066848821470519,6.05280199590112,5.706370044537435,0.34643195136368554,76.10648918469215
183,1762439400,269.87399999999997,269.64136608339237,268.2568621069269,66.69976065812979,5.098502477079768,5.871379755785483,5.739371986787044,0.1320077689984389,65.50936500685238
184,1762525800,269.494,269.2509107222616,268.2994896855415,63.66216416401971,5.128609443002644,5.558625809760031,5.703222751381642,-0.14459694162161085,59.57058017359538
185,1762785000,269.57,269.3106071481744,268.5255917484332,64.93223081003964,5.210494482788172,5.326825700369625,5.627943341179238,-0.301117640809613,63.95614435815445
186,1762871400,270.61199999999997,271.29040476544964,269.8704733987466,71.44769132717084,5.301173448303303,5.548784865942707,5.612111646131932,-0.06332678018922433,89.28011020253861
187,1762957800,271.27799999999996,272.0169365102998,270.5903787189973,67.32755557140189,5.21037534485307,5.51745617952912,5.593180552811369,-0.07572437328224968,78.77618522602002
188,1763044200,271.91399999999993,272.3279576735332,271.06230297519784,66.12784707600105,5.167419963077854,5.388552437415569,5.552254929732209,-0.1637024923166397,65.50880433152582
189,1763130600,272.70199999999994,272.3553051156888,271.33184238015826,64.83581597564209,5.252604251429433,5.183074549008495,5.478418853587466,-0.295344304578971,55.645889792231515
190,1763389800,272.308,270.7235367437925,270.5574739041266,54.352387585044845,5.354561090613045,4.5681494279031085,5.296364968450595,-0.7282155405474864,14.926660914581234
191,1763476200,270.746,269.6290244958617,269.9339791233013,54.31417459543951,5.357092441283541,4.032716362331655,5.043635247226807,-1.010918884895152,17.666666666666703
192,1763562600,269.764,269.27268299724113,269.65918329864104,56.17245909291025,5.453728695477572,3.656605369506906,4.7662292716828265,-1.1096239021759207,27.000000000000075
193,1763649000,268.424,268.26512199816074,268.9773466389128,51.51800839632642,5.743462360086316,3.1359872939945603,4.440180876145173,-1.3041935821506128,8.172950171368356
194,1763735400,268.24,269.34008133210716,269.4798773111303,59.67958375515273,5.880357905794434,3.1103635904564726,4.174217419007433,-1.0638538285509602,54.22269092187368
195,1763994600,269.932,271.5333875547381,270.7679018489042,65.03811219868692,5.8960466268091185,3.4082326137191785,4.021020457949782,-0.6127878442306036,90.75342465753438
196,1764081000,271.838,273.34559170315873,272.00832147912337,66.18520243069256,5.841329010608467,3.686526206147505,3.9541216075893266,-0.2675954014418216,77.35723771580366
197,1764167400,273.636,274.74706113543914,273.1166571832987,66.83255094470839,5.631234081279289,3.9088186081224876,3.945061007695959,-0.03624239957347131,81.20849933598949
198,1764340200,276.156,276.1147074236261,274.26332574663894,68.29750772140369,5.444253075473627,4.142138084221131,3.9844764230009933,0.15766166122013736,89.84063745019938
199,1764599400,278.47799999999995,278.4431382824174,276.03066059731117,72.56393905613453,5.575377855796942,4.6167657297773985,4.110934284356274,0.5058314454211246,98.23204419889507
200,1764685800,280.532,281.0254255216116,278.06252847784896,75.17934347075091,5.517843723240014,5.1825080078652945,4.325249029058078,0.8572589788072165,94.51992753623198
201,1764772200,281.96799999999996,282.06695034774106,279.28002278227916,70.4074362049056,5.503712028722869,5.403958419383002,4.540990907123063,0.8629675122599396,80.81545064377671
202,1764858600,282.59799999999996,281.6113002318274,279.56401822582336,63.11158203915725,5.549161169528381,5.240662207103298,4.68092516711911,0.5597370399841886,66.00858369098707
203,1764945000,282.58399999999995,280.6675334878849,279.40721458065866,59.4212438327983,5.373506800276353,4.899838539851714,4.724707841665631,0.1751306981860834,57.76824034334752
204,1765204200,281.5419999999999,279.74168899192324,279.1037716645269,57.73594529222644,5.2410634573994725,4.505975683288739,4.680961409990252,-0.17498572670151358,53.948497854077196
205,1765290600,279.7399999999999,278.88779266128216,278.71901733162156,56.3626018291376,5.088844639013793,4.089405346285957,4.562650197249393,-0.47324485096343594,50.51903114186853
206,1765377000,278.6659999999999,278.8518617741881,278.73121386529726,58.74417784214315,4.961784307655664,3.8440649928360813,4.418933156366731,-0.5748681635306498,57.12418300653579
207,1765463400,278.13199999999995,278.5779078494587,278.5909710922378,57.16913213056864,5.0202282856802585,3.548210698904313,4.244788664874248,-0.6965779659699347,53.856209150326634
208,1765549800,278.032,278.4786052329725,278.5287768737902,57.5774408227475,4.833069122417386,3.2959235945542673,4.055015650810252,-0.7590920562559846,41.647855530473954
209,1765809000,277.27599999999995,277.0224034886483,277.64502149903217,49.15926716254845,5.00999275653043,2.7280528023192687,3.7896230811120555,-1.0615702787927868,8.048162230671966
210,1765895400,276.76199999999994,276.21826899243223,277.03801719922575,50.10131563749281,4.91713613106397,2.2919369075218583,3.490085846394016,-1.1981489388721576,16.75579322638144
211,1765981800,275.37399999999997,274.7588459949548,275.9984137593806,45.1139960974997,4.888769264559403,1.7031630650734542,3.1327012901299036,-1.4295382250564495,1.177856301531145
212,1766068200,274.20599999999996,273.90256399663656,275.2367310075045,45.847511839881875,5.016714317090875,1.2503839797925593,2.7562378280624347,-1.5058538482698753,24.180895246885118
213,1766154600,273.284,273.82504266442436,274.9233848060036,48.95412268154796,4.994091865870102,0.9994558191901888,2.4048814262879854,-1.4054256070977966,31.010613751730606
214,1766413800,272.65599999999995,272.87336177628293,274.1327078448029,43.99547573508314,4.87844244687938,0.5760852566762082,2.03912219236563,-1.4630369356894217,18.550992155053233
215,1766500200,272.206,272.7022411841886,273.77816627584235,46.97333357438786,4.7399822721022815,0.34870279024306683,1.7010383119411174,-1.3523355216980506,30.427446569178944
216,1766586600,272.59999999999997,273.0714941227924,273.78453302067385,49.96226776313747,4.632483538380691,0.2822498289037867,1.4172806153336512,-1.1350307864298645,48.34390415785775
217,1766759400,272.842,273.18099608186157,273.7076264165391,49.11917830685664,4.480877571353498,0.19426246798093416,1.1726769858631079,-0.9784145178821737,48.86363636363632
218,1767018600,272.85999999999996,273.3739973879077,273.71810113323124,49.91830178392891,4.304386316256819,0.15183063286497145,0.9685077152634806,-0.8166770823985091,51.59090909090915
219,1767105000,273.282,273.2759982586051,273.59048090658496,48.372860054540865,4.125501579381333,0.06261103973577065,0.7873283801579386,-0.724717340422168,46.439393939393945
220,1767191400,273.1819999999999,272.80399883907006,273.244384725268,45.64263087853989,3.9686800379969527,-0.1053258043368146,0.6087975432589879,-0.7141233475958025,37.196969696969916
221,1767364200,272.62199999999996,272.2059992260467,272.7975077802144,43.78825096518774,4.3166314638543115,-0.30350622856082055,0.42633678889502624,-0.7298430174558468,30.7575757575758
222,1767623400,271.39399999999995,270.55733281736445,271.6900062241715,36.70339113981741,4.3918720735790036,-0.754462330405147,0.1901769650349916,-0.9446392954401386,7.994289793005034
223,1767709800,269.114,267.82488854490964,269.82400497933725,29.89656763344739,4.466024068323361,-1.4900608451788457,-0.14587059700777588,-1.34419024817107,1.5267175572519691
224,1767796200,266.56399999999996,265.3265923632731,267.92520398346977,27.611918452920904,4.423450920585979,-2.2113410394296693,-0.5589646854921546,-1.6523763539375147,2.8840820854131035
225,1767882600,264,263.2310615755154,266.14816318677583,26.239663497559476,4.438204426258409,-2.854152119946093,-1.0180021723829422,-1.8361499475631509,15.085817524842069
226,1767969000,261.67199999999997,261.9440410503436,264.79253054942063,27.235904186994574,4.406189824382805,-3.298928298470969,-1.4741873976005475,-1.8247409008704214,16.576332429991048
227,1768228200,260.27,261.3793607002291,263.8840244395365,29.952875865923815,4.412890551212604,-3.539605608728664,-1.8872710398261707,-1.652334568902493,20.551038843721834
228,1768314600,260.008,261.2695738001527,263.3172195516292,32.42322005092342,4.341969797554563,-3.624015403275564,-2.2346199125160493,-1.3893954907595147,24.16440831074989
229,1768401000,259.93399999999997,260.8330492001018,262.6457756413034,30.8279542431697,4.3968290977292375,-3.735800679307772,-2.534856065874394,-1.200944613433378,19.24119241192409
230,1768487400,259.7679999999999,259.9586994667345,261.75862051304273,28.411044935751406,4.367769876462864,-3.920409648514635,-2.8119667824024424,-1.1084428661121928,11.336946702800327
231,1768573800,258.9999999999999,258.4824663111564,260.51289641043417,25.158111909460672,4.3393577424298,-4.234158446058302,-3.0964051151336145,-1.1377533309246877,2.6189436927105856
232,1768919400,256.2899999999999,254.55497754077092,257.7503171283473,17.890151819877005,4.8944036179705295,-5.136107977512097,-3.504345687609311,-1.631762289902786,9.529343404997102
233,1769005800,253.6099999999999,252.25331836051396,255.73025370267789,20.549520779524187,5.000517645258348,-5.708448972497138,-3.9451663445868763,-1.7632826279102614,12.28936664729814
234,1769092200,251.28799999999987,250.95221224034265,254.2542029621423,22.540278441099858,4.882623527739895,-6.035970276573721,-4.363327130984246,-1.6726431455894755,14.323067983730414
235,1769178600,249.25399999999985,249.9814748268951,253.01136236971382,22.274101514278158,4.871721847187045,-6.24851864556166,-4.740365433899728,-1.5081532116619316,16.44713421146317
236,1769437800,249.22999999999985,251.79098321793006,253.49108989577107,40.3184657975925,5.132313143816542,-5.755916727867742,-4.943475692693331,-0.8124410351744107,49.689183588893485
237,1769524200,251.544,253.95065547862004,254.44687191661689,45.596651820599405,5.232862204972503,-5.076232413687421,-4.97002703689215,-0.10620537679527153,73.29713721618944
238,1769610600,253.302,254.7804369857467,254.84549753329352,42.97752882424452,5.169443476045898,-4.631850316666544,-4.902391692847028,0.2705413761804847,70.26443604964926
239,1769697000,255.288,255.9469579904978,255.53239802663484,46.31651816610897,5.1744832277569035,-4.084122459266496,-4.738737846130922,0.6546153868644264,80.19427954668097
240,1769783400,257.576,257.12463866033187,256.3219184213079,48.43709720066788,5.4991558543456955,-3.512721745243482,-4.493534625953434,0.9808128807099523,86.67026443604982
241,1770042600,260.496,261.4197591068879,259.0595347370463,62.4529944011529,5.9124304361781475,-2.185012106105887,-4.0318301219839245,1.8468180158780374,98.22681935722196
242,1770129000,262.738,264.1065060712586,261.14362778963704,61.546183249389856,5.794756833593993,-1.162162535771813,-3.457896604741502,2.295734068969689,91.58320154630125
243,1770215400,266.748,268.23433738083907,264.2129022317096,68.13621844497577,6.057274202622992,0.21166162942751043,-2.7239849579076996,2.93564658733521,93.07627357162967
244,1770301800,270.274,270.79289158722605,266.5523217853677,67.1114178826792,6.0724689024356335,1.239339689006158,-1.9313200285249281,3.170659717531086,90.04988913525506
245,1770388200,274.002,273.2352610581507,268.8658574282942,69.02323503021093,5.995506837975941,2.206673328972272,-1.103721357025488,3.31039468599776,92.57036147792459
246,1770647400,274.92400000000004,273.6968407054338,270.0166859426354,62.79732552465223,6.031542063834801,2.660206256820686,-0.3509358342562532,3.0111420910769393,82.65010351966882
247,1770733800,275.764,273.69122713695583,270.7493487541083,61.200680982344146,5.774289059275174,2.9102368269945487,0.3012986979939072,2.6089381290006415,80.05521048999317
248,1770820200,275.56600000000003,274.2941514246372,271.6994790032867,63.15405330573934,5.826125555041233,3.218149816994071,0.88466892179394,2.333480895200131,85.07936507936513
249,1770906600,272.73,270.1061009497582,269.7055832026293,44.783381285037365,6.519973729681146,2.3242565776262722,1.1725864529604064,1.1516701246658658,38.35396238546864
250,1770993000,268.26200000000006,265.3307339665055,266.92046656210346,39.44419991034276,6.538547034703924,1.1227817424791056,1.1626255108641463,-0.03984376838504078,12.53263707571801
251,1771338600,266.11400000000003,264.8471559776703,266.31237324968276,48.453829489175455,6.839365103653646,0.814813917307049,1.093063192152727,-0.27824927484567796,40.73107049608356
252,1771425000,264.248,264.68143731844685,265.9198985997462,48.928646293916344,6.6629818819641,0.6017358330006459,0.9947977203223107,-0.3930618873216648,42.36727589208017
253,1771511400,261.264,263.31429154563125,264.8519188797969,45.32228180829439,6.503483176109522,0.12719618480616646,0.8212774132190819,-0.6940812284129154,29.24281984334199
254,1771597800,261.83399999999995,263.7361943637542,264.7975351038375,49.5694859586792,6.509662949244555,0.07304465206340183,0.6716308609879459,-0.5985862089245441,35.867216656845414
255,1771857000,263.91400000000004,264.55079624250277,265.07402808307,51.20230020159054,6.476758452869946,0.15742114746933566,0.5687889182842238,-0.4113677708148882,42.15281869966618
256,1771943400,265.566,267.08053082833516,266.48722246645605,56.81174641650909,6.636275706236377,0.6971757105655456,0.5944662767404882,0.10270943382505737,65.56668630917308
257,1772029800,267.54200000000003,269.46368721889013,268.03577797316484,58.608610995492334,6.440113155790921,1.2788389641530102,0.7313408142229927,0.5474981499300176,73.7772539776077
258,1772116200,270.01599999999996,270.6257914792601,269.01862237853186,57.043292711168164,6.359747930377283,1.617876111959049,0.908647873770204,0.7092282381888451,68.74877234335105
259,1772202600,269.936,268.47719431950674,268.0508979028255,47.652518564285565,6.6240516496360495,1.1654650327534455,0.9600113055668522,0.20545372718659327,35.30125353821275
260,1772461800,269.644,267.2247962130045,267.3847183222604,48.217788970642,6.603047960376331,0.840807178301759,0.9361704801138335,-0.09536330181207453,37.48483623129815
261,1772548200,267.966,266.06653080866965,266.6577746578083,47.231164753138344,6.51925882034945,0.4994848458589445,0.8488333532628557,-0.3493485074039112,33.562474727052184
262,1772634600,265.624,264.8843538724464,265.83021972624664,45.94729062460821,6.391454618895915,0.12825527091530375,0.7047177367933453,-0.5764624658780415,34.22071636011609
263,1772721000,263.092,263.35290258163093,264.7221757809973,43.63160593168938,6.311350717546206,-0.34194744758372053,0.4953846999179321,-0.8373321475016526,23.42691190706692
264,1772807400,261.74800000000005,261.3886017210873,263.26974062479786,40.81997381750494,6.283397094864335,-0.9321980395976652,0.20986815201481263,-1.142066191612478,14.213431462741369
265,1773063000,260.78000000000003,260.88573448072486,262.5917924998383,44.13517114333793,6.3681187309454526,-1.1909733120918418,-0.07030014080651825,-1.1206731712853235,27.63993847388482
266,1773149400,260.196,260.8671563204832,262.2394339998706,45.42758128057602,6.308253107306493,-1.30436165023292,-0.3171124426917986,-0.9872492075411214,31.87543190886994
267,1773235800,259.854,260.84810421365546,261.95354719989643,45.40376659568687,6.041949313927456,-1.379929588659877,-0.5296758718854143,-0.8502537167744627,31.786263626028227
268,1773322200,258.948,259.1520694757703,260.71483775991715,39.738929162643295,6.083952934361209,-1.8262585479555469,-0.7889924070994409,-1.0372661408561061,9.27127220847542
269,1773408600,257.48,256.14137965051356,258.5958702079337,34.553756253398674,6.135813439049692,-2.6050489457176127,-1.1522037148230753,-1.4528452308945374,2.2564874012786547
270,1773667800,256.068,255.03425310034237,257.4406961663469,38.67878676762658,5.98361247911757,-2.970140579910492,-1.5157910878405585,-1.4543494920699334,12.410680707032654
271,1773754200,254.748,254.76616873356159,256.7985569330775,40.77804195107672,5.766925873466314,-3.1098546456751706,-1.8346037994074809,-1.2752508462676897,17.71342610003753
272,1773840600,252.574,253.1574458223744,255.42684554646203,36.66529029231429,5.779288311075862,-3.526099516052909,-2.1729029427365667,-1.3531965733163425,3.9479210415791584
273,1773927000,251.21400000000003,251.75829721491627,254.1334764371696,35.77758141407297,5.6900534317133005,-3.8902104598980713,-2.5163644461688675,-1.373846013729204,8.632345293811753
274,1774013400,250.788,250.50219814327752,252.90478114973567,34.8774811477854,5.512185329448066,-4.208528601544316,-2.854797277243957,-1.3537313243003588,9.875930521091867
275,1774272600,250.52200000000002,250.8314654288517,252.62182491978857,40.67690324210399,5.590600663058917,-4.130760437859237,-3.1099899093670134,-1.020770528492224,27.24565756823829
276,1774359000,250.004,251.10097695256778,252.42545993583084,40.91973409654519,5.5680577585547075,-4.010790959896781,-3.2901501194729668,-0.720640840423814,34.223300970873666
277,1774445400,250.54000000000002,251.6073179683785,252.4643679486647,42.57364017030004,5.413196490086515,-3.7929141214942774,-3.3907029198772287,-0.4022112016170487,40.16990291262134
278,1774531800,251.32600000000002,252.03487864558568,252.54949435893178,43.04669308044854,5.471539597937477,-3.55745034073459,-3.424052404048701,-0.13339793668588928,41.808252427184335
279,1774618200,251.488,250.95658576372378,251.7995954871454,37.94724774592657,5.610929626656229,-3.6586972322677696,-3.4709813696925145,-0.18771586257525508,16.990291262135973
280,1774877400,250.516,249.5143905091492,250.76567638971633,35.54155229042685,5.59300608189507,-3.869432577688144,-3.5506716112916403,-0.31876096639650386,6.738868832731674
281,1774963800,250.946,250.93959367276614,251.3705411117731,47.39234229934391,5.825648504616851,-3.4192744286278867,-3.5243921747588898,0.10511774613100311,61.607142857142875
282,1775050200,251.548,252.50306244851075,252.22243288941846,49.93947931169153,5.613102182858504,-2.8808397029695527,-3.3956816804010224,0.5148419774314696,88.07658833768491
283,1775136600,252.154,253.6420416323405,252.96194631153475,50.34752528645308,5.603594884082896,-2.403025149214784,-3.197150374163775,0.7941252249489907,90.60052219321138
284,1775482200,254.16600000000003,255.381361088227,254.14155704922777,54.405078496674776,5.649052392362692,-1.766754200840353,-2.9110711394990902,1.1443169386587373,80.18018018018016
285,1775568600,255.54000000000005,254.75424072548466,254.01324563938223,46.88295521775323,6.185548650051073,-1.67569571763147,-2.6639960551255664,0.9883003374940964,47.98798798798794
286,1775655000,256.562,256.13616048365645,254.99059651150577,53.811590021604935,6.190145175047427,-1.154488122893639,-2.3620944686791807,1.2076063457855417,80.42042042042017
287,1775741400,257.53400000000005,257.58744032243766,256.0904772092046,55.64615495978891,6.108706233972612,-0.606140427610228,-2.0109036604653903,1.4047632328551622,89.9699699699699
288,1775827800,258.446,258.5516268816251,256.96838176736367,55.63118895162127,5.898575574403139,-0.17041342500800738,-1.6428056133739137,1.4723921883659064,89.74820143884905
289,1776087000,258.514,258.76775125441674,257.41470541389094,53.64246635849199,5.7501058905172,0.07080190096252181,-1.3000841105066265,1.3708860114691483,82.07434052757789
290,1776173400,259.58000000000004,258.7885008362778,257.69776433111275,53.05208214389808,5.677955469765972,0.22946573867773168,-0.9941741406697548,1.2236398793474865,79.8561151079136
291,1776259800,261.08600000000007,261.3356672241852,259.4442114648902,62.24404074721532,5.897387221925546,0.957427825335742,-0.6038537474686554,1.5612815728043974,99.38242280285039
292,1776346200,261.66800000000006,262.0237781494568,260.2353691719121,57.417359083233514,5.896859563216581,1.2751482314030227,-0.22805335169431973,1.5032015830973424,82.63279445727463
293,1776432600,263.61800000000005,264.7591854329712,262.2342953375297,64.1632884270474,6.111369594415399,2.054386176539424,0.22843455395242906,1.825951622586995,92.27323628219489
294,1776691800,266.3880000000001,267.52279028864746,264.3974362700238,66.52152794421247,5.963771766242869,2.8664456927968445,0.7560367817213122,2.1104089110755324,95.71303587051631
295,1776778200,267.8560000000001,267.07186019243164,264.751949016019,56.715646051721826,6.0842166400826665,2.9211767019126,1.1890647657595697,1.7321119361530304,71.63604549431334
296,1776864600,269.2040000000001,269.1045734616211,266.43555921281524,62.734641689066,6.190344022933904,3.4891719175797107,1.6490861961235979,1.8400857214561128,96.132983377078
297,1776951000,271.21000000000015,270.5463823077474,267.8344473702522,62.94077558248984,6.042462307010054,3.9151605119903934,2.102301059296957,1.8128594526934365,92.21815763219163
298,1777037400,271.37600000000015,270.71758820516493,268.47955789620175,59.69908569575054,5.880857856509338,4.015235216876306,2.4848878908128267,1.5303473260634792,84.33654805453948
299,1777296600,270.02000000000015,269.2350588034433,268.0376463169614,53.68133072980681,5.888653723901529,3.665775396295487,2.7210653919093586,0.9447100043861285,51.77664974619287
